Id,Source,Topic,PashtoText,EnglishtTranslation,AnnotatorOne,AnnotatorTwo
1,https://www.facebook.com/167959249906191/posts/3868664713168941,"افغان ولسمشر محمد اشرف غني ویلي، په اوسنیو شرایطو کې د یو باثباته او هوسا افغانستان لپاره نړیوال او سیمه ییز تضمینونه اړین دي. نوموړي دا څرګندوني سې شنبه د هند لومړي وزیر نرېندرا مودي سره د ویډيو کنفرانس له لارې د خبرو پر مهال وکړې.",د لیوني څخه پوښتنه د یو لیونی څخه یو چا پوښتنه وکړه چی غم ښه دی که ښادي؟ لیونی ورته وویل: مهیم یی دیګونه دي.!!!,"Question from a madman Someone asked that grief is good or happy? "" The most important thing is the pots of food,"" said the madman.",Negative,Negative
2,,Afghan President Mohammad Ashraf Ghani said that in the current conditions international and regional guarantees are necessary for a stable and stable Afghanistan. He made the statement on Saturday during a video conference call with Indian Prime Minister Narendra Modi.,جهالت د نابالغه ماشومانو  په باچا پورې خندل نه دي نو څه دي؟  غني مو وياړ دى غني مو رهبر دى غني مو د وطن غمخوار دى,"Ignorance of immature children ,If you don't laugh at the king, then what? Ghani is our pride, Ghani is our leader, Ghani is the mourner of our country",Positive,Positive
3,,,ماته خو بی خوبه  خکاری نور نه پو هیږم,I like it but I don't know anymore,Positive,Positive
4,,,عنى ځان لپاره عمحوار دى نه د وطن حلکو لپاره دا سه حالت روان  دى  اوس   زياتره وګړى  دحپل بدن عړى پلورى,"Ghani is a leader for himself and not for the people of the country
  what is going on?
  Now most of the citizens are selling their bodies",Negative,Negative
5,,,خپله سه بلا وهلي یی ړوزي خو نه دي چي کوي یی,what happened with you. This is not joking that you do,Negative,Negative
6,,,دیر عالی ژوندی دوی داکتر صاحب اشرف غنی,Long live Dr. Ashraf Ghani,Positive,Positive
7,,,ښه تضمین د ده مرګ دی وادې وریدو,The best guarantee is death,Negative,Negative
8,,,ژوند ژوند محبوب ولسمشر عنى بابا ټول لراوبر ولسونه د خپل نظام ترڅنګ ولاړ دى,Life Life Beloved President Ghani Baba All nations stand by their system,Positive,Positive
9,,,دا تضمین به دی دطالبانو دخوشی کیدونه مخکی اخستی وو هسی بادوی یی,This guarantee was taken before the release of the Taliban,Negative,Negative
10,,,فخفله بلا وهلی یی,what happened with you. Did you can't?,Negative,Negative
11,,,څنګه.تړونونه نور کوی په تړونونو خو مو.د افغانانو.ویني د اوبو په څیر اوبهولي,How do agreements make more agreements but we have watered the blood of Afghans like water,Negative,Negative
12,,,حقیقت !,reality ,Positive,Positive
13,,,تول افغانستان روخانہ شی,Let the whole of Afghanistan shine,Positive,Positive
14,,,ددغنی وه خرتوبی او جاهیلی او غلامی ته حیران یم,I am amazed at Ghani's ignorance and slavery,Negative,Negative
15,,,کنر بند کار کلہ شروع کیگی جمھور صیب,"when will start work on Kunar's Dam , President sir",Positive,Positive
16,,,دابه هسی ګف وي 😊😊😊😊😊😊,It's ridiculous.,Negative,Negative
17,,,رنګ یی ډیر مردار نیولی دی,you face is very bad,Negative,Negative
18,,,همدا تضمین خو یی ډاکټر نجیب ته هم ورکړی وو,The same guarantee was given to Dr. Najib,Positive,Positive
19,,,ای لب يو باباجانه   په ټول جهان دې نه ورکوو  الله ج دې راته ژوندی لره باباجانه,"I love Baba jana, we like you more than whole world , live long",Positive,Positive
20,,,"مننه ولسمشره, د آبادۍ په کارونو دی  په اخر کې د افغانانو زړونه وګټل..","Thank you President, it is about the development work that has finally won the hearts of Afghans.",Positive,Positive
21,,,هو حقیقت دي مشر,It's reality ,Positive,Positive
22,,,ژوندی دی غوارو مشره,Long live sir,Positive,Positive
23,,,یقینا,Of course,Positive,Positive
24,,,د یو غني افغانستان په هیله,Hope for a prosperous Afghanistan,Positive,Positive
25,,,ژوندی اوسی باباجانه,long live Baba Jana,Positive,Positive
26,,,لعنت بتو,Curse on,Negative,Negative
27,,,لعنت,curse,Negative,Negative
28,,,لوی خریی,big foolish ,Negative,Negative
29,,,غنی بابا دژوندی وی,Long live Ghani Baba,Positive,Positive
30,https://www.facebook.com/bbcnewspashto/photos/a.269058216462960/3868576973177715,"په امریکا کې چارواکي وايي, يوه کمپيوټري هکر د دغه هېواد د فلوريډا ايالت يوه ښارګوټي د اوبو سيستم ته لارې موندلې وه او په اوبو کې يې د کيمیاوي موادو تر ""خطرناکې اندازې"" د ډېرولو هڅه کړې وه. په اولډسمر ښار کې دغه هکر د لنډې مودې لپاره د اوبو د پاکولو سيستم کې د سوډيم هايدرو اکسايډ (لای) کچه ډېره کړې وه خو يو کارکوونکی پرې خبر شو او دغه کړنه يې بنده کړه. په اوبو کې د تېزابو د کنټرول لپاره سوډيم هايدرو اکسايډ لږ اندازه له اوبو سره ګډېږي خو په اوبو کې يې ډېره اندازه لويې ستونزې جوړولی شوی. تراوسه په دې تړاو څوک نه دي نيول شوي او دا هم نه روښانه چې دغه کس په امریکا کې دی او که له دې هېواده بېرون يې د اوبو دې سيستم ته لار موندلې وه.",زمونږ پښتانه هیکران  څه کوې  دخویندو ایډي وې هیک کوې دهغوي شخصیات لاس ته راوړې بیااخطارونه ورکوې بیادهغې خور عزت په میډیاکې لیلام کړې,What are our Pashtun hackers doing? Hicking our sister's accounts and Their personalities have been captured and warnings have been issued. Her sister's respect has been auctioned off in the media.,Negative,Negative
31,,"Authorities in the United States say a computer hacker hacked into a water system in a Florida town and tried to add ""dangerous amounts"" of chemicals to the water. In Oldsmer, the hacker briefly raised the level of sodium hydroxide (lye) in the water purification system, but an employee became aware of it and stopped the practice. A small amount of sodium hydroxide is added to the water to control the acidity in the water, but it can cause major problems in the water. No arrests have been made so far and it is not clear if the man is in the United States or if he had access to the water system outside the country.",واخخخخ څومره خوند به یی کړی وایی,Tell me how much fun it will be,Negative,Negative
32,,,پرپادر مو لانت شه له په دې دمکو,Cursed be your father,Negative,Negative
33,,,زمونږ هيکران هم تر هيچا کم نه دي ,Our hackers are no less than anyone. ,Positive,Positive
34,,,څومره خه کار به شوی وه,It would be very interesting.,Negative,Negative
35,,,ماویل که ټرمپ مړ ده یار نو😄,"I think, that the Trump has died ",Negative,Negative
36,https://www.facebook.com/167959249906191/posts/3868424766526269/,د امریکايي پوځ د مرکزي قومندانۍ عمومي قوماندان جنرال کېنېټ مکېنزې وايي په افغانستان کې د تاوتریخوالي اوسنۍ کچه ډېره لوړه ده او دی د طالبانو د وروستیو کړنو په اړه اندېښمن دی.,بس انتظار یو ستاسو خواږې لوبې ته,Just wait for one of your sweet games,Positive,Positive
37,,"General Kenneth McKenzie, the commander of the US Army Central Command, says the current level of violence in Afghanistan is very high and he is worried about the recent actions of Taliban.",همدا   اور  چی نور تاز شی ډیر خوند به وکی انتظار یو,We will wait for the most fresh fire,Negative,Negative
38,,,ده سى واىاچى ده نه جوړىګى,"Means that, it will not build .",Negative,Negative
39,https://www.facebook.com/bbcnewspashto/photos/a.269058216462960/3868222483213164,لوګر کې نړیوال هوایي ډګر لپاره څېړنې!,په لوګر کښی باید دغه هوایی ډګر جوړ نسی ځکه چې بیا په پاکستان کې هوا خرابیږی!  چې ورسره به د دالو په حاصلاتو کې ډیر کمبود راسی! په نږدی راتلونکې کې به شاهد د پنجابی ملایانو لخوا یوه فتوا هم صادره سی!!!,"This airport should not be built in Logar because then the weather in Pakistan will get worse! That will greatly reduce the yield of pulses! In the near future, a fatwa will be issued by the Punjabi Mullahs !!!",Negative,Negative
40,,Research for Logar International Airport!,دا فضول مصرف دى ددى پر زايي دى د بريښنا بندونه جوړ کړى او تخصصى شفاخانى دى جوړى کړى  مونږ د هوايي ډګر نه د بريښنا بنداو مجهزو شفاخانو  ته ډيره ارتيا لرو,"It is a waste of money to build power dams and
  He has built a specialized hospital
  We are in dire need of power outages from the airport to well-equipped hospitals",Negative,Negative
41,,,غول خوری ستاسو مور پدا میدان هوایی وغی چی  په ۱۵ کاله کی یو میدان هوایی جور وی خدای مو تبا که په داسی حکومت داری په داتعلیم کولو په ۱۵ کالوکی خلک بسته ملک جوروی تاسو میدان هوایی جوره وی نو نعلت,"Nonsense ,  fuck Your mothers, Anairfield in 15 years ?
  God destroy  on such govern,
  In 15 years of education, people build a country, You're airport, curse ",Negative,Negative
42,,,"یاره لوګر ټول ټرلبان دي، لوګریانو قسم اول دي دغه ځناور له خپل ولایته اوباسې بیا یې ورته جوړ کړﺉ، که جوړ یې هم کړﺉ دغه ځناور یې بیا ورانوي. استثنا پکې شته.","Dear Logar, all of them are Taban. The Logaris are the first to remove this animal from their province and rebuild it. There are exceptions.",Positive,Positive
43,,,طالب می لاغولی دی زه هم دلوګر دازری یم مونږه ازره کو قربانی ورکړی قومانډو ملی اردو مخلی پولیس امنت ملی همداسی نوری موخیمی قعتی کی شرکت کړی مونږه هم خق لرو دهوای میدان نړی مننه,"fuck Talib
I am also from Logar. We have sacrificed Azra. Commando National Army Front Police. Amanat Milli. We have also participated in other incidents. We also have the right.",Negative,Negative
44,,,دغه ميدان هوايى چى دادى داوت خان وخت کى نکشه شوى وه دوبى ميدان په ځاى دغه دى اسيا مرکزى ميدان جوړى دو  اوس که جوړشى افغانستان ته يى زياته ګهاټه عوايد رسيږى,"The airport, which was mapped out at the time of Dawat Khan, has been replaced by the  International Airport.Now, if it is built, it will bring more revenue to Afghanistan",Positive,Positive
45,,,هیڅ ضرورت یی نشته ځکه لوګر او کابل نیم ساعت د موتر لار ده په همدې پیسو دی چرته د اوبو بند جوړ کړي چې د کروندې تر ورخ دهقان ته اوبه ور ورسیږي,"There is no need because Logar and Kabul are half an hour's drive away
  The money is used to build a dam to supply water to the farmer till the end of the field.",Negative,Negative
46,,,ښه نو دومره زیات وخت کی خوبه دونیا اسمان ته ختلی وی  اوموژبه یودانه هوایی ډگرجوړ کړیوی ولی زرنه کیگی 2035کاله هوووووو ماشاډالله سونه زرجوړی گی,"Well, the dream world has skyrocketed in so much time
   And we will make an airport, but it is good
  The year is 2035 Mashaallah, will can't make it past",Negative,Negative
47,,,له بدو ملګرو سره کېناستو پر ځای یوازې  کېناستل غوره دي او تر یوازې کېناستو دصالحو ملګرو سره ناسته پاسته غوره ده ❤,"Instead of sitting down with bad friends, loneless is better
  And just sit down
It's better to sit down with good friends. """,Positive,Positive
48,,,په کور کی به پیشوګانو ته ډوډی نه ورکوی په فیسبوک به ولسمشر ته مشوری ورکوی,"Cats will not be fed at home
  Will advise the president on Facebook",Positive,Positive
49,,,"په ډګرونو یي درټیل وهم څه پري وکو ماته د یو افغان وینه ،ژوند او بیا وروسته پرمختګ مهم دی","I beat them on the fields
What did we do with it، To me, the blood of an Afghan, life and then progress is important",Negative,Negative
50,,,ښه ده خو څه مانه؟  لوګر خو کابل ته نږدې دی   پکار ده چې کابل هوايي ډګر لوی شوی او سمارټ شوی وای.,"OK but what does that mean?
  Logar, however, is close to Kabul
    Kabul Airport needs to be bigger and smarter.",Negative,Negative
51,,,دا خو می اوس واوریدل چی یو هوایی میدان په ۱۵ کالونو کی جوړیږی سه د عجایبو هیواد مو دی,But now I have heard that an airport will be built in 15 years. It is a rediculas  country.,Negative,Negative
52,,,"زه فکر کوم چی دا به 2035 کال نوی بلکی 2025 کال به وی آما زه د ګران وطن افغانستان په هر کنج کښي د هر نوع ..... آبادی ترقی او پر مخ تګ طرفداره یم .....ځکه چی هره یوه نقطه ئ  زما ګران وطن افغانستان دی،🌹🙏🇦🇫 مننه( ميوند ).","I think it will not be 2035 but 2025. But I am in favor of any kind of population development and progress in every corner of our homeland Afghanistan, because every point. My dear homeland is Afghanistan, thank you (Maiwand).",Positive,Positive
53,,,"ډېر عالي، واقعاً لوګر ډېر ښه موقعيت دئ دي بين للمي ډګر دپاره، او دي لوګر خلکو لپاره ښه اقتصادي فرصت.","Great, indeed Logar is a great location for the rainforest, and a great economic opportunity for the people of Logar.",Positive,Positive
54,,,دا یو ‌‌‌‌‌‌ډیر ښه او نیک کار ړی   دهیواد هرولا یت بیا رغوني او ابادي ته اړتیا لري,This is a very good deed. Every country in the country needs reconstruction and development.,Positive,Positive
55,,,"دا پېسې باید د کابل په هوایي ډګر مصرف شي، د لوګر ؤلس که هوایي ډګر غواړي، لومړی باید د هغو ؤرانکارو خېلاف بغاؤت ؤکړي، چې په ټول افغانستان یې ؤحشت خپور کړی","The money should be spent at the Kabul airport. If the people of Logar want an airport, they must first revolt against the terrorists who have spread terror all over Afghanistan.",Negative,Positive
56,,,لوګر کي چي هوايي ډګر جوړ سه نو پوه سه چي پخواني افغانستان بیا شروع سه,"When the airport is built in Logar, know that the old Afghanistan has started again",Positive,Positive
57,,,ډېره تلوار مو کړې 2050 کال ښۀ وو,"doing very hurry , 2050 was a good year",Negative,Negative
58,,,بټي کوټ ولسوالۍ کې هم موږ هوايي ډګر جوړول غواړو,We also want to build an airport in Batikot district,Positive,Positive
59,,,د داګټر صاحب نجیب الله نړیوال هوايې ډګر د اشرار په نوم یې نه غواړو ټول دې خبر وي,Dr. Najibullah International Airport in the name of miscreants do not want everyone to know,Negative,Negative
60,,,2035. کال لرې ندی ... پدې وخت کې به یو هیواد جوړ شي,2035. The year is not far away ... at this time a country will be formed,Negative,Negative
61,,,لو ګریانو بیا مو مبارک شه  ده دی ورځی شاید به یو انشاالله جوړیګی به  او جوړ اوبی,"Congratulations again, dear ones, this day will probably be a God willing one",Positive,Positive
62,,,موږ هم پکي ګنګ ګڅ يو په هر اتیا یا سلو کیلومیترو کې نړیوال هوایي ډګرونه جوړو نور په هفته کي دوه یا دری نړوال پروازونه لری زما په اند ښه به ده وه چې موجوده هوایې ډاګرونه اول تقویا شویدی وای چې دا مو د خساری او نقصان نه وباسلي وو بیا به مو نور جوړول,We also build international airports every eighty or one hundred kilometers. There are two or three international flights a week. I think it would have been better if the existing airfields had been fortified first so that we would not have suffered losses and then we would have built more.,Negative,Negative
63,,,پہ 2050کال کی بہ پہ سکول کی یو سوال دا وی چی ھغہ کوم ھیواد دہ چی ٹول وگڑی ئ پہ ھوائ ڈگرونونو کی اوسیگی لائق شاگردان بہ ورتہ لیکی چی افغانستان دہ چی دی زمکی مساحت ئ غرونو او ھوائ ڈگرونو نیولئ دہ ھھھھھھھھ,"In the year 2050, in the school, asked a question from students about which country has the highest number of people, living in airports, and the genius students will write , Afghanistan is covered with mountains and airfields.",Negative,Negative
64,,,ښه خبر دی  خو دلته یې ویلي ۱۵ کالو کې به بشپړ شي داسې فرض کړئ چې شاید ۲۰۵۰ پورې تکمیل شي یا هم نه. ځکه دلته چې د هرې پروژې د بشپړیدو نیټه دوه کاله ښول شوې په پنځو کې هم نده بشپړ شوې,"Good news, but here it is said that it will be completed in 15 years. Assume that it will be completed in 2050 or not. Because the completion date of each project is shown as two years, it would have not completed in five years",Negative,Negative
65,,,انتخاب یی ښه دی خو موده یی زیاته ښودلي ده ښه مناسب ځای دی لوګر,The choice is good but the time has shown more. Logar is a good place,Positive,Positive
66,,,تاسو ى جوړکړى مونږ به مبارکى  درکړو  مشرقى وال به چين ته چل متره سرک جوړکړى نوربه بل ده ابادى يوتاريخى کاروکړى   افغانستان دټولى نړى زړه دى هواى صافه ده    خلک به ى سيال ته رازى وطن په ابادولو کى کوشش کوى ده وطن دجړيدوارمان دله دبل وطن کى درزى,"You butld it. We will congratulate you. Orientals will build a 40-meter road to China. Another settlement is a historic one. Afghanistan is the heart of the whole world having clear atmosphere ,  tuorist will come here.",Positive,Positive
67,,,کوم کار چی د کولو وی باید وشی پدی پیسو د کنړ سیند باندی د اوبو بند جوړ کړی چی ټول ولس ورته دعا وکړی چی د ټول ملت ارمان دی,All that needs to be done is to build a dam on the Kunar River with this money so that the entire nation can pray that the aspiration of the entire nation,Positive,Positive
68,,,دوی بنیادی کارنه کوی په وارداتی بریښناکی خوددوی ګټی دی بندونه خو بنیادی کاردی هیڅکله دوی نه غواړی چه بندونه جوړکړی,"They don’t do basic work
  Imported electricity has its own benefits، Dams are basic but they never want to build dams",Negative,Negative
69,,,ماشاالله. خدای دې وکړي. که د افغانستان خلک هوښيار وي داسې ملي پروژو تطبيق کي دي همکارۍ وکړي . د افغانستان خلک او دولت باید د مسو عینکو او نورو معادنو د ويستلو لپاره هم کار وکړي ,"Mashaallah. God willing. If the people of Afghanistan are smart, they should cooperate in the implementation of such national projects.The people and government of Afghanistan must also work to extract copper glasses and other minerals",Positive,Positive
70,,,ختیځ زون لوی اقتصادی ارزښت لری خو نړیوال هوای میدان نلری ولی دا عدالت دی.,The eastern zone has great economic value but does not have an international airport but that is fair.,Negative,Positive
71,,,دا د ډالرو او داسى نورو توکو لپاره د قاچاقو لارې پرځاى د نورو پروژو باندي کار وشې ښه به وي.,It would be better to work on other projects instead of smuggling for dollars and other such things.,Negative,Negative
72,,,ډشیر ښه او ښه خبر دافغانستان دپرمخ تګ په لور.,"Good news, and good news, for Afghanistan to move forward.",Positive,Positive
73,,,داسو ورځی بیخـــي دی خوښۍ خبرونه اورم داسې خبـــرونه دی زیات شې وطــن مودې ابادشي,"It's been a long time since I've heard the good news.These days, there are so many happy news and such news is so much more.",Positive,Positive
74,,,دغسی یو کار وشی هیواد اقتصاد خوراول لری,The country's economy has a huge role to play,Positive,Positive
75,,,هوایي میدانونه ډیر زیات دي کومه ګټه نشي ورڅخه راتلی له همدغې  پرځای باید همده پیسې باندې له تعلیم کچه لوړه کړو چې راتلوونکی مو روښانه شي,"There are so many airports that there is no profit to be made from them. Instead, we have to raise the level of education on the same money so that our future is bright.",Positive,Positive
76,,,په زړه پورى خبر ده.. افــــسوس حدايه که چيرته امن راشى نو لخيره همداعه هوايي ډاګر د 15کالو څخه د جوړوني چارى به 3 کالو ته راشى.. ❤🇦🇫❤,"This is very interesting news .. Alas, if there is peace, then the construction of this airport will take 3 years from 15 years ..",Positive,Positive
77,,,"نوخبر په پکتیا کی  هوایی ډاګر لیلام شو  ، هههههه دپکتیامشران  هم خپل ولایت ته شپه ورځ په حزمت کی مصروف دی،   د مچل بند هم جوړشو،   دلجی بندهم جوړشو، دومره زیات برق","The news is that the airport in Paktia has been auctioned. Hahaha, the leaders of Paktia are also busy visiting their province day and night.
The Mitchell Dam was built, the Dalji Dam was built, so much electricity",Negative,Negative
78,,,۱۵ کالا کی خو باید ټول افغانستان جوړ شی خو بهانه خو پیسو اوباسلوو ته لار جوړه وی,"In 15 years, the whole of Afghanistan must be built, but the excuse is to make money",Negative,Negative
79,,,ترهګر پاکستان او غلامان يى چى موقت حکومت چغى وهى اوس به څمره وسوځيږى,Terrorist Pakistan and its slaves who are shouting for an interim government will now be burnt,Negative,Negative
80,,,ددي ميدان كارمخي ايتاليا بشپر کری وو دخپل  نظامی ادی لپاره اوس دوی یو نمایشی علان کوی ددی ملت پسترگو خاوری پوری کوی همدا  اوس ددی میدان مکمل سامان دغلو په لاس کی دی دشپی له خوا تول سامان دی قاچا په دول تر باسی,"Italy, which had completed the field, is now announcing a demonstration for its military presence in the country.
Right now, all the equipment in the field is in the hands of thieves. All the equipment is smuggled out by night",Negative,Negative
81,,,"بالكل دکابل هوايي ډګر غټول اومعيا رې کول پکار دي ،اود ننګرهار هم ترڅو عام پروازونه تری شروع شي","Of course, Kabul airport needs to be upgraded, and Nangarhar needs to be rescheduled for public flights.",Positive,Positive
82,,,ستر ګام دی لوګر بهترينه سيمه ده هوايې ډګر لپاره او ميس عينک کان هم هلته شتون لري په دې هېله چې جوړ شي,Greater Logar is the best place for an airport and the Miss Aynak mine is also there to be built.,Positive,Positive
83,,,له که چی په لسو کارګرانو یی جوړوی چی ۱۵ کاله وخت نیسی ,"Although it is made up of ten workers, it takes 15 years",Negative,Negative
84,,,داسې معلومېږي چې لوگر ته به هم نور خلک طياره کښې ځي ...,It seems that other people will also go to Logar by plane ...,Positive,Positive
85,,,ددی هوایی ډګر جوړیدل هم داسی بریښی لکه مریخ ته تګ,The construction of this airport also looks like going to Mars,Negative,Negative
86,,,اوس وخت کی مونږ  هوایی داگر ته دومره ضرورت نه لرو لکه سومره چی مونږ تعلیم سوله برق گاز اوبه دا باید مونږ اول قدم کی ونیسو ,"At the moment we don't need airfields as much as we do education, peace, electricity, gas and water.",Positive,Positive
87,,,دکابل چخه ترلوگره ۱ساعت لاره دموترده.دکابل چخه تر هراته ۲۰ ساعته لار دموتر ده.تاسی دکابل اوهرات لاره وگوری.دلوگر میدان ضروری دی که دکابل هرات سرک..دماشومانو لوبی ای شروع کری,The journey from Kabul to Herat is 3 hours by car. The journey from Kabul to Herat is 3 hours by car. You can see the road from Kabul to Herat.Logar Maidan is necessary if Kabul-Herat road..kids play starts,Negative,Positive
88,,,خہ خبرہ دہ صبر بہ ورتہ اوکو ائندہ خلکو تہ خو بہ  گٹہ شی انشاءاللہ او افغانستان تہ بہ تل پاتی گٹہ وی اللہ دی پخیر جوڑ کڑی,"Good news, we will wait for this, it will be beneficial for future Insha Allah, and this is beneficial forever for Afhganistan. May Allah make it good",Positive,Positive
89,,,دخوشحالۍ خبر ده الله ج دي وکړي چه پخیر جوړ شي دجوړيدو نيټه یی زیاته ده,"The good news is that God willing, the date of construction is long",Positive,Positive
90,,,دا دوه میلیارده ډالره د وطن په بل اړخ مصرف کړی. که وایی چې دا دی زرکلن ټاټوبی ده نو بیا صحیح ده....,"It's a two-mile drive, spending dollars on the other side of the country. If it is said to be a millennial homeland then it is true ....",Negative,Negative
91,,,داخو چی تر څو جوړیگی موږ به زاړه شو 14کاله خو ډیر عمر ده ولا  خو بیا هم مننه چی زموږ لوگر دونه ترقی وکړی ده لابریا په هیله,"if this would buit , we will get older, 14 year is very long duration, but it is still good new to hear that Lagar is developing , should be mad, good news",Positive,Positive
92,,,غنی هم سمه ولایت پالنه رااخیستې زما په فکر که ددې پرځای کنړ بند جوړ وای ښه به وو.,Ghani also brought proper provincialism. I think it would have been better if Kunar Dam had been built instead.,Positive,Positive
93,,,واله چی ټول جهان جوړ شى خو پکتىىا ته سوګ واله که خىزمت واکى پکتيا وال  تبه دى,"the whole will be built but here is no one to serve for Paktia, the people of Paktia is destroyed ",Negative,Negative
94,,,داهسي گف ده ولی سرکونه  نه رغوی کابل هرات کابل خوست کابل مزار چی گٹه يي ٹولو افغانانو ته ورسیگی,"This is ridiculous talk, but why not repair the roads?Kabul Herat Kabul Khost Kabul Shrine that will benefit all Afghans",Negative,Negative
95,,,لوګریانو چيس ورکه 💪💪  خدای دې وکړي چې زره تر زره جوړه شي چي يو چکر مونږ هم دي وطن طرف ته لاړه شو,Logarian  chase; may God make it happen as soon as possible so that we too can go their .,Positive,Positive
96,,,اول طالب وغایاست. چې لوګر د طالب له‌ګندګۍ پاک شو بيا هر څه سمېږي,"first fuck the Talib . Once Logar is cleansed of the Taliban, everything will be fine",Negative,Negative
97,,,ددی نه به هم دطورخم اوجلال آبادسرک جوړوی له خیره,it will be like the road of Torkham and Jalal Abad,Negative,Positive
98,,,اقدام خو نیک دی خو چی برق نه وی هوایی ډګر څنګه چولوی. زمونږ خلک تر اوسه کورونو کی کابل کی شمسی باندی ګذاره کوی دوی یی د ترکیی او چین سره اوس وهی.,"The move is good, but how can an airport run without electricity? Our people still uses solar their homes in Kabul . They are now beating Turkey and China.",Positive,Positive
99,,,په لحاظ دخدای.دکابل قندهار سرک جورکری.په هوای میدانو پسی مه گرزی.نه شرم لری.نه حیا لری.نه غیرت لری نه ابرو.,"For God's sake. Build Kabul-Kandahar road. Don't look for airfields.
No shame, no shame, no pride, no eyebrows.",Negative,Negative
100,,,والا افرین 2035کال کی هغه هم‌ شک کی ده چه جور به شی کنه😁,"Good but, there is still dout that it will be built or not in 2035.  ",Negative,Negative
101,,,الله په خیرسره مونژ ددی هوای میدان دجوریدو سره داوطن دپرمختگ یوه شه نمونه وگرخوی,May Allah this airport would be good for the development of Afghanistan,Positive,Positive
102,,,ډيره بيړه دي نه کوي بيړه دي شيطان کار وي,Don't be in a hurry. The hurry is the step of devil .,Negative,Negative
103,,,اللہ دی زر جوڑ کڑی,May Allah make it soon,Positive,Positive
104,,,د کندهار هوايي ډګر يې د خاورو سره خاوري کی او په لوګر کي بيا نړی وال هوائي ډګر جوړيږي ؟ دا بېخي جالبه ده .,Kandahar airport to be built in the dust and Logar to become an international airport? This is very interesting.,Positive,Positive
105,,,داهسې خبری افغانستان سقوط سره مخ دی دوی اوږده فکرونه کوي.,Afghanistan is on the verge of collapse. They are thinking long and hard.,Negative,Negative
106,,,د ابادۍ زیری غواړو چې په هر ځای وي ټول يو افغانستان دی!,"We want the good news of prosperity everywhere, one Afghanistan!",Positive,Positive
107,,,من الله توفیق,God bless you,Positive,Positive
108,,,دا کار دا رفتار یی ڈیر تیز دی لگ په کلار.,the work on this is very fast so be slow ,Negative,Negative
109,,,تیـــــــږه واړوی لوګر کي  هوایی میدان,"airport in Lugar, great",Positive,Positive
110,,,دیر خه خبر خو دا باید په لویو شارونو کی جور وای لکه ننگرهار مزار شریف هیرات قندهار هلمند,"good, but it should be in big cities like Nangarhar, Mazar-e-Sharif, Herat, Kandahar, Helmand.",Positive,Positive
111,,,پاسوووووه😝😄😀😕,Ridiculous,Negative,Negative
112,,,بلکل بند ډیر ضرور ده میدان ته ضرورت نشته,"Absolute Dam is very necessary, there is no need for a field",Negative,Negative
113,,,زمونږ لمسیان به بیا سفرونه کوی پکی ?خوبیاهم ښه ده,Our grandchildren will travel in it again ? But it's good,Positive,Positive
114,,,"دا،نور ولایتونو کی مو سه ملت ته وکرل چی اوس مو لوگر ته مخه کره.",What did you do in other provinces? And now you are moving to Logar,Negative,Negative
115,,,دومره تریوار هغه هم په2035کی تر هغی به مونګ مړه یو,"so hurry, in 2035 we wil have died .",Negative,Negative
116,,,افغانستان له کوم جمهورايس راغلى دى هغه صرف ده خپل ولايت خدمت کړى دى ده ټول وطن غم نشته,Every president of afghanistan serverd his own province not the whole nation.,Negative,Negative
117,,,د دی هوایی دگر جولو نقشه د داودخان په جمهوریت کی پلان او مالی لگشت یی هم عربستان ورکاوه خو اوس د اشرف غنی دور کی که اقدام وسی شه کار ده ,"The plan for the construction of the airport in Dawood Khan's republic was also funded by Saudi Arabia, but now it is time to take action under Ashraf Ghani. Good action ",Positive,Positive
118,,,نظر دي حكلي,very good step,Positive,Positive
119,,,ډيره ښه د اباد هیواد پر لور,Very good towards develop country,Positive,Positive
120,,,"دهیواد په هر ګوټ کی که کومه پروژه عملی کیږی ،ګټه یی دټول ملت دخ","If any project is implemented in any part of the country, it will benefit the entire nation",Positive,Positive
121,,,ښه خبر ده خو دا وخت يه ډير لږ نده ورکړي کم سه کم يو سل کال خو به يه ورکړي وه,"This is good news, but it's not the least bit of a time, at least a hundred years is good.",Negative,Negative
122,,,ددغه هوایی ډګر پلان د داود خان په وخت کی شروع شوی وه .,The airport was planned during the reign of Dawood Khan.,Positive,Positive
123,,,د ابادۍ زیری غواړو چې په هر ځای وي ټول يو افغانستان دی!,"We want the good news of prosperity everywhere, one Afghanistan!",Positive,Positive
124,,,مبارک دی وی تولو ده لوگر خلکو ته,Congratulation to the people of Logar,Positive,Positive
125,,,2035 کال کې 🥺 راشه  که تودېږې  په  4 کالو کې يي راڅخه نغد چغد  واخله  خير که پيسې نه وي درسره پروا نشته لږ به درته ودريږم,"In 2035, come on . I will make it in 4 years. Well, if you don't have money, I don't care. I'll wait for you.",Negative,Negative
126,,,افغانانو ته دشنه كوتك ظرورت ده دوى هر سه فه يو ورز غواري يو وايي فه هوايي دكر يي در مندم بل وايي تعليم ته زرورت لرم تاسي تاسو تول عمر همداسي ز ليله شه ياست,"Afghans need beating, they want everything in one day, one says they want to airport, another says they need education, you are just as good as humilated.",Positive,Positive
127,,,وروره بهرني هيوادونه هيڅکله نه غواړي افغانستان دبرشناخاوند شي,Brotherly foreign countries never want Afghanistan to have development.,Negative,Negative
128,,,دا وطن دې جوړ شي,This country must be built,Positive,Positive
129,,,کاش چې ستاسې غوندې د خایسته نظرخاوند په قدر پوهه شې دابې غیرته حکومت,"I wish you knew the value of a good thinker like you, this dishonorable government",Negative,Negative
130,,,ښه نومونږته دي مبارک وي خوچي لیږ داکار یې زروای ډیروخت یې کې ورکړی,"Well, congratulations to our, but they have given so much duration .",Positive,Positive
131,,,ابادي ده لادي تکړه شي چې هرولایت کې جوړکړي,"The population should be able to build in each province, Move toward development ",Positive,Positive
132,,,باید دست جنرال هاشم خان لوګری په نوم ونومول شې,He should be named  General Hashim Khan Logari,Positive,Positive
133,,,"دادشهید داود خان دوخت پروژه ول ، چی اوس پر بحثونه کیږی. ","Shaheed Daud Khan was a project of the time, which is now being discussed.",Negative,Positive
134,,,خو ډیر وخت نیسې,So much time given,Positive,Positive
135,,,داد نه کیدو کار دی چه ۳۵ کال کی خدای خبر سه کیږی,"It is a matter of not working, God knows, what will happen  in 35 years",Negative,Negative
136,,,داغا‌خوا‌14کلو‌اکی‌خویو‌نو‌دولت‌جوری‌کی,"in 14 years, a new state has been built in this duration",Negative,Negative
137,,,ډير پر ځاي اقدام دى لوګر يې مناسب ځاي دى !,"It is very good step, Logar is best place for it",Positive,Positive
138,,,ضرورت بهيې نه وي کابل کې خوست کې کندهار کې بس دي,"no need to it, already in Kabul, Khust and Kanadahar",Negative,Positive
139,,,خدای دی ددوی کور وران کری دکابل او دلوگرنیم ساعت دموترمزل دی,"God destroys their house, Kabul, and logar half an hour of traffic",Negative,Negative
140,,,هسی ګف ولی دحوست هوای ډاګر څحه یی هم همداسی وی نن یی اوګوره په ټوله نړی کی دهعی په شان حراب اوبیکاره هوایی میدان نشته,"ridiculous ,There is no airport in the world that is as ugly and useless as Khust airport.",Negative,Negative
141,,,هوايي ډګر دد رولاغني سروخورى دکابل کندهار سرک جوړ کړه,"fuck airport, 
  Build Kabul-Kandahar road",Negative,Negative
142,,,دير يو نيك اقدام ده لخيره.,"It is very good step, ",Positive,Positive
143,,,ده دی پر ځایی په 1 ملیارد ده کابل پر سیند بند کړی,"Instead, this is 1 mile away distance, instead building a dam on the Kabul River",Negative,Negative
144,,,نه دومره تکلیف ته ضروت سه ده,There is no need to worry so much,Negative,Negative
145,,,میدان خوبه جوڑشی  طیاری لہ کومہ کی بیا خرہ پکی کینہ وی,"the airport will be buitl but what about of airplanes , will the donky in it",Negative,Positive
146,,,ان‌شاءالله چی تر ۲۰۸۵ پوری به جوڔ شی😊,"Insha'Allah, it will be completed till 2085",Negative,Negative
147,,,بيا قيامت وي او حساب كتاب به هم ختم وي وخت ورته لنده كري,Then there will be resurrection and the reckoning will be over. Ruduce the duration ,Negative,Negative
148,,,پراخه او محدود فکرونه سره متفاوت دی!,Wide and limited thinking is different!,Positive,Positive
149,,,دکوم ضرورت پر بنسټ دا هوایی ډګر په لوګر کی جوړیږی?,Based on what need is this airport being built in Logar?,Negative,Negative
150,,,دابه هسی ګف یی,Ridiculous,Negative,Negative
151,,,یو هوایی ډګر په 15 کالونو کی جوړوی هه ای شرمیدلو,Shame on you for building an airport in 15 years,Negative,Negative
152,,,الحَمْدُ ِلله دا څو ورځي د خوښی خبرونه دي,Praise be to Allaah. This is good news for a few days,Positive,Positive
153,,,د فسادګرو او غلو غوا بیا لنګه شوه,The cow of the corrupt and the thief became birth again,Negative,Negative
154,,,داده بند جوړ ونی کارسم ده,dam is neccessory,Positive,Positive
155,,,داده مرحوم شهید داود خان په وخت کی دا نقشه منزوره شوی وا دا وخت یی ډیر زیات ده 15 کاله,This map was approved during the time of the late Shaheed Daud Khan. This time is very long 15 years,Negative,Positive
156,,,یاره خوسم مکمل ګفشفی یی ورکی که,"You are joking , get lost",Negative,Negative
157,,,دکابل اولوګر فرق څه دی سر وسل دی,What is the difference between Kabul and Logar? Very short .,Positive,Positive
158,,,موږ.به مړه وو.تر هغې بیا څه مانا,We would be dead,Negative,Negative
159,,,ډیر ښه کار وشو  د هیواد د ابادی په لور  د فکستان مدرسی کونیان به وسوځی انشاالله,"Very good work has been done towards the population of the country
   The fuckers of madrassas in Pakistan will burn down, God willing",Positive,Positive
160,,,والله ډیر زر یی جوړوی زه وایم 2100به خه  وو خلکوته به یی د جوړیدو نیټه خوم مغلومه وه,God will make it very soon. I would say 2100 would be good for completion date,Negative,Negative
161,,,ښه خبر  خو دومره وخت  تقریبا ۱۴؟,Good news but so long almost?,Positive,Positive
162,,,هسی د خلکو پام ځانته راجلبول دی دا شل کاله مخکی مو ولی جوړ نکړ حتی د کابل هوایی ډګر څومره کوچنۍ ده اوس پدی سره غوای چه خلک پرځان راټول کړی اوس د بچیه وخت تیر شوی,"by the way they want the  attention of people. Why didn't you build it 20 years ago, no matter how small Kabul Airport is?
  He now wants to rally the people
Now the baby's time is up",Negative,Negative
163,,,وخت یی سخت ډیر ورکړی دا,It took a lot of time,Negative,Negative
164,,,په افعانستان کی د طیار و سخه هوایی دگری دیری دی  🥴,there is much airports than aeroplanes in Afghnistan,Negative,Negative
165,,,داباندى بى ځايه پيسى مه مصرفوى اوبه پرى رابندې کړې,"Don't spend too much on it
  it must be spent on Dams ",Positive,Positive
166,,,ګمان مې نشي چې دا وړۍ دې شړۍ شي🥱☹,I don't think it's going to be easy,Negative,Negative
167,,,هر چاته خپل وطن کشمیر دی . اشرف غنی آخر هم خپل اصلی کلی او زی ته غت کار وکی,Everyone has their homeland Kashmir. Ashraf Ghani has finally worked hard for his hometown,Negative,Negative
168,,,ماشاء الله! ټولو قدرمندو لوګــریانو ته دي مبــارک وي...,"Mashaallah, Congratulation to every repectful person of Logar",Positive,Positive
169,,,2035 یعنی نه جوریگی او مکان یی هم نشته,"2035, means not possible, not expected",Negative,Negative
170,,,2035 کی به مونږ مړه یو,we would be dead in 2035,Negative,Negative
171,,,داپیسی باندی دی بندونه جوړ کړی چی زموږدهیواداوبه دنو روهیوادوڅخه راوګرزی اودبر یښنا کاردی ځنیواخلی چی دبل داحتاج نه خلاص شوولی به دنوروهیوادوڅخه بریښنا غواړ وه,He has built dams on this money to divert the water of our country from these new countries and to buy electricity from some of them which would not be able to meet the needs of others.,Negative,Negative
172,,,كه فنجابي فريدي جوڑي داته گمان نه كوم چي ترسوفجاب اداره ختمه شوي نوي فه دونياكي به دشهتگردي دوام ولري,I don't expect.terrorism will continou till the finis of Punjab rigme ,Negative,Negative
173,,,د یو ودان افغانستان په هیلا یو ,Toward the developed  Afghanistan,Positive,Positive
174,,,ګمان مې نشي چې دا وړۍ دې شړۍ شي,I don't expect that it will build.,Negative,Negative
175,,,دا سومره زر جوړیږې تر 2035 😀😂😂,"It take very less time , till 2035, hahah",Negative,Negative
176,,,ههههههههههه  دا خبره هاشم لوګري هم کوله.,Hahahahaha Hashim Logari was saying the same thing.,Negative,Negative
177,,,څومره پۀ تلوار یې جوړوئ 2035  لیږ ګذاره کوئ,how much in hurry make it in 2015. be slow,Negative,Positive
178,,,الله ج جوړ کړی ـ خو چی د ننګرهار د ګمبیری غوندی له پامه ونه غورځول شی.,"Allah created it, but it cannot be ignored like the Gambari of Nangarhar.",Positive,Positive
179,,,دافعلى ډګر موچيرته ستړى کړو سى پاته نوى ډګر سو,"We got tired of this active airport, you are going to became a new airports",Negative,Negative
180,,,ددې ډګړ د پروژه د شهېد سردار محمد داود خان په وخت کي دده په پنځه کلن پلان کي طرحه شوي وه,The project was planned during the reign of Shaheed Sardar Mohammad Daud Khan in his five-year plan.,Positive,Positive
181,,,ډيره عاجله پروژه ده,It is a very urgent project,Negative,Negative
182,,,امیر المو منین الحاج محمد اشرف غنی بابا دی زرکلن شی چی ددی ملت غم ورسره دی دی یو سوکاله او آرام افغانستان په هیله مبارک دوی ماشاءالله,Amir al-mu'minin Alhaj Mohammad Ashraf Ghani Baba is the millennium that the grief of this nation is with. Hope for a prosperous and peaceful Afghanistan.,Positive,Positive
183,,,برکت برکت وطنه ویاړ درباندی کوم,I am proud of my blessed homeland,Positive,Positive
184,,,امکان لری دا پروژه تر ۵۰۰۰۰ میلادی کاله پوری تکمیل شی,The project is expected to be completed in 50000 years,Negative,Negative
185,,,د هدفی وژونو مخه د ونیسي د سر سر ځوانان مو تباه شول ,"To prevent targeted killings, our young men were destroyed",Positive,Positive
186,,,لوگرکی داسی مولایان شته چی وایی مجاهیدینونوته پاخه وری له آسمانه رالیژی هغوی هوایی میدان سکوی,There are mullahs in Logar who say that the Mujahideen are ready to fly from the sky.,Negative,Negative
187,,,"په ډګرونو یي درټیل وهم څه پري وکو ماته د یو افغان وینه ،ژوند او بیا وروسته پرمختګ مهم دی","The blood of an Afghan is important to me, the life and the progress of the future. Fuck the airports",Negative,Negative
188,,,چہ دا افغانستان پہ ابادی بعضی خلک سخت اور اخلی او نہ ئی شی برداشت کولی چہ دا ولی؟؟,Why is it that some people in Afghanistan are feel jelousy and can't bear it to develop Afghanistan,Positive,Positive
189,,,د فسادګرو او غلو غوا بیا لنګه شوه,The cow of miscreants and thieves became lame again,Negative,Negative
190,,,په زړه پورى خبر ده.. افــــسوس حدايه که چيرته امن راشى نو لخيره همداعه هوايي ډاګر د 15کالو څخه د جوړوني چارى به 3 کالو ته راشى.. ❤🇦🇫❤,"This is very interesting news .. Alas, if there is peace, then the construction of this airport will take 3 years from 15 years ..",Positive,Positive
191,,,داهم دغنی ددولت تجارتي اعلان وه,It was also a commercial advertisement of the Ghani government,Negative,Negative
192,,,دلوگر دمیدان هوایی اود ددیکندی له میدان هوایی دبرق یوبند ضروری دی داحکومت دنوم پسی گرزی خدمت نه کوی  .,A power dam from Logar airport and Daikundi airport is necessary.,Negative,Negative
193,,,تاسې نران شي يواځې سرخاب کې يوه شپه ټينګ شئ,"You can be a man, just stay up all night in the red",Positive,Positive
194,,,د اوبو بندونه تر ټولو مهم دې افغانان د اوبو او د بريښنا بندونه غواړي وه 1000 کالنه,Dams The most important thing is that Afghans want water and power dams for 1000 years,Positive,Positive
195,,,چې ګل غني به تر ۲۰۳۵ پورې ژوندی وي یا نه په خلکو ملنډې وهل دي ددغه میدان هوایې په نامه به څومره پيسې لبنان ته کش کړي,Whether Gul Ghani will live up to 7 years or not is a mockery of the people. How much money will the airport in Lebanon draw?,Negative,Negative
196,,,هههه دا خبری منګ لس کاله مخکی اوریدی دا چی غنی پوه شو چی اوس می ورځی کمی پاتی نو ملت ته د درغو وعدی ورکوی د هیواد د ابادی حالانکی حس حقیقت نه لری,"Hmmm, I heard this news ten years ago when Ghani realized that now that the days are numbered, he is making false promises to the nation.",Negative,Negative
197,,,اول د هيرامنډي فاسد او حرام نطفه (طالب)له لوګره وکه کړي بيابه د هرڅه امکان وي چي جوړ سي,"First remove the corrupt and illegitimate sperm of Hiramandi (Talib) from Logar, then everything is possible.",Negative,Negative
198,,,دا هسي خوشي ډوزي دي چې ډوزبابا یې کوي  هغه د ننګرهار هوایئ ډګر څخه هم اریانا الوتني پیل کړي  لوګر کښې د هوايئ ډګر هیڅ اړتیا نشته  کابل له لوګر څخه په ۶۵ کیلومتري کښې قرار لري لوګر څه چې پکتیا هم د کابل له هوائې ډګر څخه فعلا استفاده کولی شي  باید دا مصرف د کنړد سیند په بند وشي چې هم له بریښنا برخمن شوه او هم له ګاونډي هېواد خپلي اوبه را وګرځوو فعلا مونږ بندونو ته اړتیالرو نه هوائې ډګرونو او دهلیزونو ته,"These are rediculas. He also started Ariana flights from Nangarhar airport. There is no need for an airport in Logar. The cost should be borne by the dam on the Kunar River, which has both electricity and water from the neighboring country. Currently, we do not need dams for airports and corridors.",Negative,Negative
199,,,زموږ داهیواد غم نادی ورعلی    چی یی   راته جوړ کړی    موږ هاوای ډاګر سه کوو هیوادوال مو له لوګی مری,"they are n't take care of our land . We are going to die from hunger , what will do on airport",Positive,Positive
200,,,لوكر جان به مني,Logar Jan is great,Positive,Positive
201,,,یو هوایی ډګر په 15 کالونو کی جوړوی هه ای شرمیدلو,"It took 15 years to build an airport, shame on you",Negative,Negative
202,,,خدای دی ددوی کور وران کری دکابل او دلوگرنیم ساعت دموترمزل دی,God destroy their house. Kabul and Logar are half an hour's drive away,Negative,Negative
203,,,دیرشه خبر اوده پیشرفت په لور,Very good news towad development,Positive,Positive
204,,,دغه پیسې دي په مجاهدینو مصرف سې,This money is spent on Mujahideen,Negative,Negative
205,,,2035 بيا خو مو ډير تلوار کړی☺,"doing it very quickly , 2035",Negative,Negative
206,,,د وطن د ابادۍ په هيله لوګر دي الله اباد کړئ سره له ټولو ولايتونو زنداباد افغانستان او مرګ په غلامانو وطن فروش,"With the hope of the development of the country, may Allah make it prosperous. Long live Afghanistan and death to the slaves of the country.",Positive,Positive
207,,,"2035 کال خو تاسو يادوي خو ولکه 2085 کي هم جوړ سو ،😜😜","You remember the year 2035, but it will not be  built in 2085",Negative,Negative
208,,,دخوشحالۍ خبر ده الله ج دي وکړي چی پخیر جوړ شي...,"Good news, may God bless you …",Positive,Positive
209,,,2035. کال پورې. هههههه تاسو ميدان جوړوی که بله دنيا جوړوئ څنګه چل دی,"Till 2035, do you make the airport or the world ?",Negative,Negative
210,,,غزنی ولایت کی هم باید یو نریوال هوایی دگر جورشی,An international airport should also be established in Ghazni province,Positive,Positive
211,,,آله حمد الله,Praise be to Allaah,Positive,Positive
212,,,ماشاءاللہ,Masha Allah,Positive,Positive
213,,,سريف 15کاله کى ولا تکړه ينجنران دى,very talented engineers to make it in 15 years.,Negative,Negative
214,,,ډيرزر جوړيزى,being built very quick ,Positive,Positive
215,,,حسته,Nice,Positive,Positive
216,,,ښه خبر,Goof news,Positive,Positive
217,,,هههههههههه,hahahahaha,Negative,Negative
218,,,ماشاءالله 🙏🏻🌹,Masha Allah,Positive,Positive
219,,,Aiman Niaziښه نږدی به کوزیږوو ههههههه,we will land very near to homes ,Positive,Positive
220,,,2035 م کال اوف,2035 uffff,Negative,Negative
221,,,کله به ي خداى دى اوکړى,When will God do it?,Positive,Positive
222,,,شه عالى خبر,Great news,Positive,Positive
223,,,"دافغانستان په ترفی باندی ،،خوشالیگو ،،،الله دی گلو گلزار کری،،","we are happy on development of Afghanistan, May Allah bless you Afghanistan",Positive,Positive
224,,,شه خبره ده,good news,Positive,Positive
225,,,ښه اقدام,Good step,Positive,Positive
226,,,ډيراغلی,Great,Positive,Positive
227,,,واقعا همداسی ده,"surre , It is like this",Positive,Positive
228,,,ماشاالله ماشاالله ماشاالله ,Mashaallah Mashaallah Mashaallah,Positive,Positive
229,,,الله دی وکی,God make it,Positive,Positive
230,,,ډیرشه,Very Good,Positive,Positive
231,,,ترلوگرخوهلمندولایت ډیرمستحق وه,Helmand was the most deserving province for this,Positive,Positive
232,,,داسې خبرونه دې له ډیر شي..❤,Such news should be more,Positive,Positive
233,,,ریشتیاده هغه اوبه ضرورت دی,He really needs water,Positive,Positive
234,,,واه بلکل,Wow,Positive,Positive
235,,,اشرف غنی خپلو جایدادو ته نژدی هوای دگر غواری,Ashraf Ghani wants an airport near his property,Negative,Negative
236,,,ده سى واىاچى ده نه جوړىګى,It means it will not build ,Negative,Negative
237,,,هغه به هم جوړه شى انشاالله,"that will also be made, God willing",Positive,Positive
238,,,ډیر ښه شویده,Very well done,Positive,Positive
239,,,ښه زيری,Good news,Positive,Positive
240,,,ماشاالله  الله دی یی زر جور یی,May Allah be pleased with him,Positive,Positive
241,,,خه خبر,Good news,Positive,Positive
242,,,زبردست,Great,Positive,Positive
243,,,ډير خه,Very good,Positive,Positive
244,,,نیک او پر ځای اقدام دی,Nice and rather actionable,Positive,Positive
245,,,برکتونه,Blessings,Positive,Positive
246,,,ده سى واىاچى ده نه جوړىګى,said this it will not make,Negative,Negative
247,,,الله ج دی زمونږه هیواد اباد کړی امین,May Allah bless our country. Amen,Positive,Positive
248,,,الله دي وكري,God makes it,Positive,Positive
249,,,عمل پکار ده😊😊😊,Action required,Positive,Positive
250,,,۲۰۳۵ کال پوری زه تول افغانستان جورم لیونی په داسی خبره دی,"Until the year 2035, I will build Afghanistan",Negative,Negative
251,,,کامیابی ای غواڔو,I wish you success,Positive,Positive
252,,,خوب وینی,Dreaming,Negative,Negative
253,,,"نېک اقدام،",Good step,Positive,Positive
254,,,زنده باد غنى بابا,Long live Ghani Baba!,Positive,Positive
255,,,الله د توفېق ورکړې چې دا ځېړنې زر تکمېلې کړې ,May Allah grant him success in completing this ,Positive,Positive
256,,,ماشاالله مبارك مبارك,"Masha Allah, Congratualion, congratulation ",Positive,Positive
257,,,الله پاک د اوکړی,May Allah make it,Positive,Positive
258,,,Sami Ahmad Zai   دا چی ترڅو جوړیږی تر هغی به ته بوډا یی,Sami Ahmad Zai You will be old until it is made,Negative,Negative
259,,,ماشاءالله د لوی افغانستان د پرمختګ په هيله,May Allah bless the development of Greater Afghanistan,Positive,Positive
260,,,لوگر جان  لوگر  جان,"Logar jan , Logar Jaan",Positive,Positive
261,,,دير زر يي نا جوراوى ٢٠٣٥ 😜,"make it vey soon, 2035 , hahah",Negative,Negative
262,,,خداي دي وکړې 🇦🇫 وطن ده ابادي په لور,God has done it; the homeland is towards prosperity,Positive,Positive
263,,,ډیربه ناوخته شی,it is very much time,Negative,Negative
264,,,لز يي كم كري ظاليمانو دومره دروغ ,"be slow, it is very big lie",Negative,Negative
265,,,اينشالله جوړيږي به,Inshallah will be made,Positive,Positive
266,,,مبارک شه دادجمهورریس لاسته راورنیدی,Congratulations to the President,Positive,Positive
267,,,موږ ته دې مبارک وي✈🌆,Congratulations to us,Positive,Positive
268,,,کور مو شاد سه ,Be happy,Positive,Positive
269,,,يعني ١٤ كاله بعد ,That is 15 years later,Negative,Negative
270,,,خوب کی که په ويخه ,In a dream or awake,Negative,Negative
271,,,لوګرهوایی جوړیدوته هرکلی وایو,Welcome to Logar Airport,Positive,Positive
272,,,الله ج دي وکړي ښه خبر ده,"May Allah do it, good news",Positive,Positive
273,,,تولو افغانانوته دی مبارک وی,Congratulation to every afghani,Positive,Positive
274,,,یاالله افغانستان دپرمختللو هیوادوسیال کری,May Allah make Afghanistan a developed country,Positive,Positive
275,,,موژ به نه وو ۲۰۳۵,we would not alive,Negative,Negative
276,,,پخیر پخیر,welcome,Positive,Positive
277,,,د اباد افغانستان پہ ہیلہ,Hope for a better Afghanistan,Positive,Positive
278,,,یاره خوشحاله سولو,We will be happy,Positive,Positive
279,,,ژوند‌ ژوند غني بابا,Life ‌ Life Ghani Baba,Positive,Positive
280,,,په خیر دجور شی,May it will complet with peace,Positive,Positive
281,,,خدای ج د وکړي چې یاد هوايي ډګر په معیاري ډول سره جوړ شي تر څو د هیواد د ښيرازۍ لپاره موثر تمام شي.,"God willing, the airport will be built in a standard way so that it will be effective for the prosperity of the country.",Positive,Positive
282,,,نه دومره تکلیف ته ضروت سه ده,There is no need for so much trouble,Negative,Negative
283,,,انشاءالله بخیر جور شود به امید صلح سرتاسری در کشور,"God willing, good luck will prevail in the hope of universal peace in the country",Positive,Positive
284,,,دا سې خبرونه دي ډېر شې.,Such news should be more,Positive,Positive
285,,,دا سومره فاسده اداره ده پخدای,This is a corrupt administration,Negative,Negative
286,,,۶۰فیصده غله دی راوینسی 👨‍🏫,"90 % are theives, caught him ",Negative,Negative
287,,,زما په فکر وطن اوس مخ پر جوړيدو دی,I think the homeland is being built now,Positive,Positive
288,,,تاسي هو ټول فسادیان یاست الله مو له منځه ورک کړه,"Yes, you are all corrupt. May Allah destroy you",Negative,Negative
289,,,باید پانسۍ شي د ژوند حق نلري,"Must be sentenced, has no right to life",Negative,Negative
290,,,افغانان ټول غله دى,Afghans are all thieves,Negative,Negative
291,,,صالح اوزرکلن چی صلحه نه غواړی اومخالفت یی کوی دلته داخبری دی دچپړاسی نه تر وزیره غله دی که صلحه وشی بیاورسره حساب کیږی,"Saleh Ozarklan who does not want peace and opposes it, here is the news from peon to minister all thieves, if peace is made, it will be reckoned with.",Negative,Negative
292,,,ټوکې کوې¡,You are joking ,Negative,Negative
293,,,قندز کی ډیر خلک د فکستان د مدرسی کونیانو سره لاس لری,Many people in Kunduz are associated with Pakistani madrassas,Negative,Negative
294,,,آللہ داسی مخلوق تباہ کڑی,Allah destroyed this type of creature,Negative,Negative
295,,,ولکه  تاجک اوزبک عدالت ته سوک بوزى بس صرف پشتون بياى,"Instead, Tajiks and Uzbeks go to court and only Pashtuns go to court",Negative,Negative
296,,,ستاسی په کوم شریفه سری زور رسی  هغه هزازه او اوزبک لند غر ونیسی که دونه نران یی,"You are forcing on gentle men of Tjik and Uzbak , if you are the braves the take the moutains ",Negative,Negative
297,,,غله څوک به سزا درکی چی قاضي په خپله غل دی,"The thief, who will punish, the judge himself is a thief",Negative,Negative
298,,,"لعنت په جمهوريت !!!
خلقودلوګى نه اخپل اولادونه خرڅ کړل ، زان وژنى وکړه ، مليونونه انسان دبى وزلى له امله نيشى توکوته مخه کړه ، دفقرله وجهى لکونه کورنى دهيواد بهروتختيدل اوتا سودميدان هوائ خبرى کوى په اخپل ذات کى داکار ډيرښه ده مونږ يوپرمخ تللى هوائ ډګرولرو خوتاسو ناولى سکولاران دذوغژن ياست نه هيواد ژمن ئ اونه اخپل دين
لعنت په دروغ ژنانوته","Curse the Republic!!!
The people sold their children, killed people, millions of people turned to drugs because of poverty, millions of poor families left the country, and the air is talking about profit fields. Neither the country nor the religion
Curse the liars",Negative,Negative
299,,,لز يي كم كري ظاليمانو دومره دروغ,"Slow down, how they are lying ",Negative,Negative
300,,,نی منم,don't agree,Negative,Negative
301,https://www.facebook.com/1008363605875198/posts/3941972965847566/,"meeting my crazy friends in Holland
نن زما خواږه دوستان وګوری
ویډیو خپلو دوستانو سره شیر کړی .",افرین همداسی ویدو جوره وه موژ به خندو ورور جانه تل کامیاب به اوسی ,"Afrin also made a video that will make you laugh, brother Jan will always be successful",Positive,Positive
302,,,سلام 🇦🇫🌹,Salam,Positive,Positive
303,,,دا کرونا خلاس شی لخیره بیا هالند ته درزو د ماما چپلی کباب ته 🇳🇱🇦🇫😊,The corona will be finished  then we cometo the Netherlands for Mama Chapli Kebab,Positive,Positive
304,,,مزې مو وکړې مسعود ګل حاجي,Enjoyed Masood Gul Haji,Positive,Positive
305,,,مسعود ګل حاجي مزي دي وکړي ټول کباب دي ځان ته وخواړل,Masood Gul Haji had fun eating all the kebabs,Positive,Positive
306,,,مسعود جانه ماشالله ډير شايسته هميشه د دوستانو سره خوشحاله اوسى❤️🌹🌹,Masood Jan Mashallah is very nice. Always be happy with your friends,Positive,Positive
307,,,ماتا ھم  ویزہ اوباسا 🙄🙄🙄,Send me visa also,Positive,Positive
308,,,وسدی خزو سره شورو وکړه داکارمکوه کنه ویډیو چوړه وه دیکی هیڅ پیغام نووو,"Now You are living with women , don’t do this , make videos, no message in this video",Negative,Negative
309,,,ڈيري وارنه يي يو متل به درته وکمه وايي خبري کوم تاسرہ زڑہ مې په کندوکي 😜😜😜😜😜😜😜😝,"There's a proverb that says, 'I don't know what I'm talking about.'",Positive,Positive
310,,,دیر زیات تکلیف مو گاللی الله مو تل کامیاب لره...,God bless you forever ...,Positive,Positive
311,,,ویډو ام ښه جوړکړی ده خو یو کار ښه ام نه ده کړی چی د سجاد خور الته موجود دي او تاسی ځان لوسوی دا خو ډير بد کار دي د بنده خپل نظر ,The video is well made but it has not done a good job. The sister of Sajjad is there and you are seducing  it. It is a very bad thing.,Negative,Negative
312,,,داڅنګه هالینډ دی سیټ بیلټ دموټروان ندی تړلی ,That is why in Holland did not fasten the seat belt,Positive,Positive
313,,,والکه مسوده شاته دی سه کینولی دی یارو ساعت دی تیر دی,who si sitting on the back seat? Your time is over,Negative,Negative
314,,,داجنۍ چرته بوزی تاسی هم کونیان شوی لکچی,where are you carrying this girl. Did you ducker?,Negative,Negative
315,,,ستا د چپلی کباب او د ملوک د خره لډوان یوشان مردار بوی لرې چه نت پوهیږم دا بعضی ولی داسی منډی ور وهی ,The smell of your chapali kebab like donkey. I don't know why some of them are running like this,Negative,Negative
316,,,ماشاءاللہ,Masha Allah,Positive,Positive
317,,,الله دی جوندی لره مصعود صاحب,may yo live long,Positive,Positive
318,,,رانشی دلته خفه به شی,don't come here otherwise you will be sad ,Positive,Positive
319,,,مزی کوه,you have enjoyed,Positive,Positive
320,,,املا ده غلته کری ده ,The spelling is wrong,Negative,Negative
321,,,تل کامیاب اوسی وروره موږ درباندی ویاړو,may you secceed,Positive,Positive
322,,,الله ج مو همداسې تل خوشحاله لره ګرانو وروڼو,"May Allah bless you, dear brothers",Positive,Positive
323,,,واواواواوا,wah wah wah!,Positive,Positive
324,,,مزی مو وکړی او دا جلکی څوک ده,You have enjoyed. Who is this girl?,Positive,Positive
325,,,ماشاءاللہ ژوند 🌹,Masha Allah,Positive,Positive
326,,,ښه ساعت دی تیر دی ته دی ژوندی وی,You have spent good time.,Positive,Positive
327,,,الک دلى نسوار شته. کنه,is there Naswar or not?,Positive,Positive
328,,,ډیر خه,very good,Positive,Positive
329,,,مسغود ګوروانه  ډير په زړه پورى ويډوکانى دى راسى  ته خوماته ډير قامقل خکارى   نوسوار خو خلکه چيف کى اچى,Masgud Gorwana is a very interesting video.,Positive,Positive
330,https://www.facebook.com/1008363605875198/posts/3973397276038468/,"نسوار دادا خپل نسواری ملګری منشن کړی . 🤣🤣🤣🤣🤣🤣🤣🤣🤣🤣 Naswar DaDa
",په کوم ملک کي يی وروره ويډيوګانې خو ښه جوړوي,In what country do his brothers make good videos?,Positive,Positive
331,,,دابه هسي ګپ وي,Ridiculous ,Negative,Negative
332,,,واله دا جوړه خو ډیر ښکلی درسره ښکاری,Valle this clothe looks so pretty with you,Positive,Positive
333,,,افرىن مسود ګل حاجى,Good Masood gul haji,Positive,Positive
334,,,مسعود جانه ډير خوند پکی ههه,Very interesting,Positive,Positive
335,,,موږ ازبکستاني اوړه  له هندي وريجو سره  په ايراني ګاز او چينايي داش سره په پاکستاني ديګ کې پخوو او بيا يې په فرانسوي کاسه کې په ترکي قالينو باندي د ترکمنستان د برق رڼا ته وخورو او په عربي دعا ووايو او بيا نو په جرمني تليفون کې د امريکايي مارک زوکربرګ په جوړ کړي اپليکيشن فيسبوک کې وليکو #وطنه_مور_يې_زموږ #دازادي_101مه_کليزه_مو_مبارک  افسوس په موږ😭😭,We cook Uzbek flour with Indian rice in a Pakistani pot with Iranian gas and Chinese dash and then eat it in a French bowl on a Turkish carpet with Turkmen electric light and pray in Arabic and then on the German phone. American Mark Zuckerberg has created an app on Facebook to write #home_mother_our_our #freedom_101st_enniversary.Alas for us,Positive,Positive
336,,,الله دی تات هدایت وکری ده اسلامی جامی بیعیزتی کی الله دی تاته هدایت وکری او که ده هدایت وره نه یی الله تبا کری,May Allah guide you in Islamic dress and may Allah guide you and if you do not guide him may Allah destroy you,Negative,Negative
337,,,نسواری ملګری ډیر ده کوم یو به منشن کړو 🤪🤪Khan Mohammed مشره راغلی په کی 😜😜,There are a lot of Naswari friends who will mention منKhan Mohammed is the leader in it,Positive,Positive
338,,,ای لب یو به دی ورته ویل کنه😂😜,"why don't tell her "" I love You""",Positive,Positive
339,,,دا سپین پرتوګ سره لکه لیونی دسې ښکارې 😬🤣🙏,You look like a mad man in this whit shalwar,Negative,Negative
340,,,مسعود وروره تل ژوندې اوسي,May you live long,Positive,Positive
341,,,والکه تانه خو اخره کښې زمرې جوړ شو  واقغاً نسوار سړې په هوا کیی,"at the end , you became a lion, sure the Naswar fly the man in air",Positive,Positive
342,,,داجــــامو کی خو ســـم بدرنګ ښـــکاری   .....مغصوده ههههههه,You look very bad in this dress,Negative,Negative
343,,,ولا دیر شه  کلیپونه جور اوه   خو ده خارجی خزه درته کتل و خندل,"You are making good vedeo clips, The foreign girl looked and smile to you",Positive,Positive
344,,,ته چيرته يي هلک,where are you?,Positive,Positive
345,,,باډی دی ختمه سوی ده,The body is gone,Negative,Negative
346,,,خوښ اوسی,be happy,Positive,Positive
347,,,جالبه وه😄,Interesting,Positive,Positive
348,,,دری وران سړی یی یار,You are very crazy,Positive,Positive
349,,,مخ دی د سړی ندی 😡,your face is not human bieng,Negative,Negative
350,,,جارجار لہ کہ د مار 🐍,"good, Like a snake",Positive,Positive
351,,,لکه د 35 کالو یی,you look like 35 years,Positive,Positive
352,,,هههههههه خداي دي غم مه راکوه ورورجانه,be happy forever,Positive,Positive
353,https://www.facebook.com/1008363605875198/posts/3911544618890401,د وچی خان 🤣🤣🤣🤣🤣,دیر خه منننه یاره  له تاسره خبری کول غوارم,"very good , I want to talk with you",Positive,Positive
354,,,استغفرالله ووايه ته خلک خندوى عذاب نه ىى خبر ىى دځان دشمنه,"Astaghfirullah, say that people laugh,you are not aware of its punishment? , it is an enemy of oneself",Negative,Negative
355,,,په زړه پوری,awesome,Positive,Positive
356,,,هههههههه ښکلی په'زړه پورې وډيوو مننننه,Hahahaha beautiful thanks for the interesting video,Positive,Positive
357,,,مړه ځان دى شرمولى الله ج ته به سه جواب ورکي,"The dead are ashamed of themselves, they will give three answers to Allah",Negative,Negative
358,,,نامی الک یے🙈,"You are just a boy on name, looking girl",Negative,Negative
359,,,ډيره جالبه وه ګرانه,"It was very interesting, dear",Positive,Positive
360,,,ھھھھ منم دی پیرہ,"ahahaha, I support you",Positive,Positive
361,,,مسعود ورور جانہ ڈیر کوشش می وکڑ چی رابطہ درسرہ وکڑم یوار خو میسج راسرہ وکڑہ,"I tried very much but succuss, please message me",Positive,Positive
362,,,ښلکي ويډو خو ډير خنداه مه خوله به دي کاږه شي,"very good video, My mouth is fill out from laugh",Positive,Positive
363,,,استغفرالله ووايه ته خلک خندوى عذاب نه ىى خبر ىى دځان دشمنه,"Say Istaghfarullah, people laugh, do not know the torment, you are enemy of yourself",Negative,Negative
364,,,مړه ځان دى شرمولى الله ج ته به سه جواب ورکي,"You ashamed of yourself,  what will you answer to Almighy Allah?",Negative,Negative
365,,,تادی قران اوی چی رختیا اوایه هههههه,"Swear, You will tell the truth, hahaha",Negative,Negative
366,,,نامی الک یے🙈,you look Like a girl,Negative,Negative
367,,,زبردست جيګره ډير شه مطلب,"Good, very good message",Positive,Positive
368,https://www.facebook.com/100044232199523/videos/426385471575465,"و افغاني هلک دي اوسيږي دلته اروپا کي .
سندره دوستانو سره شير کړي ستاسو د ورور شعر دي
په کمنټ کي يو يو شعر وليکي .",ګوروان صېب دا جینۍ خو به پۀ تا مئینه نۀ وي.,"Mr. Gurwan, this girl will not be in love with you.",Positive,Positive
369,,,دا سوک چی دومر نره ده,who is this brave,Positive,Positive
370,,,دا لا بل شرم,This is a shame,Negative,Negative
371,,,مزی کوه مزی افغانی هلکه,Have fun Afghani boy,Positive,Positive
372,,,بسیار زیبا,very beautiful,Positive,Positive
373,,,واه ګوروان صیب منم دي,"Wow Mr. Gurwan, I agree with you.",Positive,Positive
374,,,داد لا بل شرم,Shame on you,Negative,Negative
375,,,ډیر شایسته سندره,Very beautiful song,Positive,Positive
376,,,ولا دی ‌‌‌‌‌‌ډمانونه هم شیرونه غلت شوی نور .,"poetry is wrong , bad",Negative,Negative
377,,,وه الکه ته خو به نه خای ګوره خه چانس دی,"Oh God, you won't be able to look at it, it's a good chance.",Negative,Negative
378,,,ما په نظر دا تا يادي,"I think , they miss you ",Positive,Positive
379,,,نو دا سنګه سندره ده يو وار دې جيني ته اشاره کړي وه اوس هلک ته فرمان کسکر شاعرې ده,What kind of song is this? This girl was once referred to. Now Farman Kaskar is poetic for the boy.,Negative,Negative
380,,,يو پېره وولې یو افغانۍ جينۍ ده هلته اوسيږي اوروپا کې هههههههه,One said there is an Afghan girl who lives there in Europe hahaha,Negative,Negative
381,,,دا اوس ډمه ده فنکاره کله هم داسې غزل نه الټه کوي,This is a cunnig now. An artist never chang such a song.,Negative,Negative
382,,,مړه ستا له شعره کميس ايستلى,The took off the shirt from your poem,Negative,Negative
383,,,نقل كي هو پاكستان تکړه دی,Pakistani makes copy of every things,Negative,Negative
384,,,دیر وران یی,You are so spoiled.,Positive,Positive
385,,,مړه دی سندره نه یی راته زړه تور کړله,", he made me sick of the song.",Negative,Negative
386,,,"دغه سی بله ټوکی نه وو
چی ویلی وو","This  was no other joke
Who said it",Negative,Negative
387,,,هههههه اوس مونږه پوي شو چي ته په دلراج مين وي. مونږه فکر کاوه چي دا به سوک وي چي ګوروان صيب پري مین شوي,Hahahaha now we know that you are in love with Dilraj. We thought it would be someone who fell in love with Mr. Gurwan.,Positive,Positive
388,,,ههههه مینه دی ښکاره شوه,Hahahaha your love has been shown,Positive,Positive
389,https://www.facebook.com/100044232199523/videos/256239602595390,دښځی غلام ,اواز دې بد لګيږي راباندې معاف که نور,I hate the voice of her. Forgive me.,Negative,Negative
390,,The slave of wife,الله دى ونازوه,May Allah make you proud.,Positive,Positive
391,,,خوندور اوه وروره ډير ښه قربان,Delicious oh brother very good sacrifice,Positive,Positive
392,,,دا صرف پہ اٶروپا کے داسی کیگی ھاھاھا,this haphened in Europe ,Positive,Positive
393,,,تل دي ښلکو په خوله مسکه راوستي ژوندي اوسي,You spreading love and smile,Positive,Positive
394,,,ډيره له خوند نه ډکه,So full of fun,Positive,Positive
395,,,وی رختیا دا دیتا نیا لا تر اوسه حج نہ دی کړی؟,Wee Rakhtia this grandmother hasn't done Hajj yet? ,Negative,Positive
396,,,داپه مسلمان فرص اوحق ده چی له ښځی سره مرسته اوکومک وکړی,It is the right of Muslims to help women.,Positive,Positive
397,,,ههههه تره بچیا حو سخت وشرمیدو,"cousin is ashamed , ahaha",Negative,Negative
398,,,یاره افغانانو لپاره دی ته ټول عمر ژوندی وی ګرانه,"Dear friend, may you live long for Afghans.",Positive,Positive
399,,,"که تاسو هلکان ناز غواړو, خانی مفت دودی غواړو, خپل مور سره کینو واده مه که و کنه د خلک لور تاسو کور ملکه ده نوکړ نه لکه افغانستان کی چی ورنه د تول قبله خدمت غواړی یو خاوند خو پریږده","If you guys want to be cute, to sit with your mother for free, don't marry or else, the daughter of people is the queen of your house, don't do it like you want to serve the whole Qibla in Afghanistan. Leave a husband.",Positive,Positive
400,,,ستاخزه وغیمه ستا خور وغیمه,I fuck your wife and your sister.,Negative,Negative
401,,,ډیر خکلی,very beautiful,Positive,Positive
402,,,"بچاى ښځي ته څوک دټپنګې دي
ښځي غلام په اسلام کې دننه","Anyone can't control yourself for womens , slave of women acordingly ",Negative,Negative
403,,,ﺳﺨﺖ ﺧﻮﻧﺪی ﻭﮐﻮﻭ,very funy,Positive,Positive
404,,,"ښځه بلاد ده که حیا
ستا په نیا باندی حج","Is a woman a respect or a shame?
Hajj on your grandmother",Negative,Negative
405,,,ځان دی شرمولی,You have ashamed yourself.,Negative,Negative
406,,,ددى نو څه مقصد شو,What is the purpose of this?,Positive,Positive
407,,,خقيقت ده نن سبا زوانان داکوي,The truth is that young people are doing this nowadays.,Negative,Negative
408,,,مسود خانه تول عمر زوندې اووسې وروره,May you live long my brother Masood Khan.,Positive,Positive
409,,,الله پاک دی تل کامیاب لره وروره,May Allah always give you success brother.,Positive,Positive
410,https://www.facebook.com/100044232199523/videos/739924453586926,"د خپلو ښځو قدر وکړی
کنه ما غوندی به لوخی وینځی.
😞",ښه شړک خو دي ورنه جګ کړهههه,You didn't raise a good trap.,Positive,Positive
411,,Give time to you wife other you will washing the pots ,ته خو ټول عمر مجرد يي ګرانه او ويډګاني مطلبي جوړوي,You are single all your life dear and you are making videos good.,Positive,Positive
412,,,ښایسته موضوع ته مو اشاره کړي کاميابی مو غواړم,You have pointed out a beautiful topic. I wish you success.,Positive,Positive
413,,,دیما دی هم سترګی خلاصی کړی!صبر زه می هم ښځه راولم,May you always open your eyes too! Patience I also bring my wife,Positive,Positive
414,,,"له خپلو ميرمنو سره مرسته کول نه شرم او نه هم کومه ګناه ده، بلکه ثواب لري  ","Helping your wives is not a shame nor a sin, but it is a reward  ",Positive,Positive
415,,,نه انجلی به دومره بی رحمه نوی انجلی دیر پاک زره لری بارحمه وی نه پوهیژم خو زه داسی فکر کوم,"No girl is so cruel, she has pure heart and mercy, I don't understand but I think so.",Positive,Positive
416,,,سور حقیقت دي الله تعالی دی ژوندي لره د مرګي هیر شي مسعود لالا,It is a red truth. May Allah keep you alive. May you forget death. Masoud Lala,Positive,Positive
417,,,"ه وړو وړو خـبـرو به زړه نه خــــوري!!
ســتا په مـخڪې خو لا ډېره زنده گي ده!!","You won't be able to eat with small things.
There is a lot of life in front of you!!",Positive,Positive
418,,,هسی دی خبره کی وزن شته خاه,"There is a weight in this thing, right?",Positive,Positive
419,,,بیشکه مسعود جانه زموږ فکر د هم بدل کړو,"No doubt dear Masoud, you have changed our thoughts too.",Positive,Positive
420,,,هه وایی گرانه,You are right,Positive,Positive
421,,,واوا مسد کوروال ژوندی اوسی,may you live long,Positive,Positive
422,,,دا ښځي نه يي هغه مړونه يي,"those are not wives, those are husbands.",Negative,Negative
423,,,لکه چی ارمان ی درغی,It seems that you are wishing ,Positive,Positive
424,,,ښایسته موضوع ته مو اشاره کړي کاميابی مو غواړم,You have pointed out a beautiful topic. I wish you success.,Positive,Positive
425,,,ستا خوهر وخت له دی ښځه نالښت دی هههههه,Your good time is unseen from this woman hahaha,Negative,Negative
426,,,خايسته,beautiful,Positive,Positive
427,https://www.facebook.com/100044232199523/videos/3999469336766303,Girls in Ramadan,"مسعود ګل حاجي په دې حقه روژه کې دې دومره وخندولم
تا خو يي هسې هم د شپې نيسې موږ به خراب کړي","Masoud Gul Haji you made me laugh so much in this right fasting. You are taking it at night, it will spoil us.",Negative,Negative
428,,,"کندهار خلک دا کار نه کوي، بلکې دا کار په حقيقت کې د پنجشير خلک کوي بنسټ یې پنجشيريانو ايښی دی. تاريخ بايد مطلع شي.","People of Kandahar do not do this, but in fact it is done by the people of Panjshir and the foundation of Panjshiris. History should be made known.",Negative,Negative
429,,,ته (خوست) ته راشه چى کنداهاريان درنه هير کړي,Come to Khost so that the Kandaharis will forget you.,Positive,Positive
430,,,سلامونه ولی وروره زما قندهار داسی څه کړی,"Greetings brother, why did my Kandahar do something like this.",Positive,Positive
431,,,مسعدګل حاجی ډیره جالیبه وه,Masad Gul Haji was very interesting.,Positive,Positive
432,,, کندهار زنداباد  , Long live Kandahar  ,Positive,Positive
433,,,وروره دي روژه ته وګوره اوستا دي مست بګروانډ ته,"Brother, look at this fasting and you are going to be acting",Negative,Negative
434,,,قندهاری ماما ته په لاس مه شی ور,Don't give it to uncle Kandahari,Positive,Positive
435,,,نه ټول کندهاریان هم داسی نه دی,"No, all Kandaharis are not like this.",Negative,Positive
436,,,وروره دیر خه ویدیو گانی جوریی خو دملت سپکاوی خه ندی مننه,"Brother, very good videos, but insulting the nation is not good. Thanks",Positive,Positive
437,,,کندهارېان که هر سه کوۍ شه کوۍ لکن تا سود اسلام رنگ ورته بدکريدى1,"Whatever the Kandahar people do, but you have a bad color of Islam.",Negative,Negative
438,,,کندهاريان دى څه پر مور درختلي دي؟,did Kandahari fuck you mother?,Negative,Negative
439,,,ولی بی پدره بل رکم ټوکی دی ازده ندی چی اوس تا غوندی سپی هم پر کندهاریانو ټوکی کوی ؟,Why is it not a joke without a father that a dog like you is making fun of Kandaharis now?,Negative,Negative
440,,,جار سم له قندهاره د سر تاج مي دي ااأاااخ هههه,I love you from Kandahar. I have the crown of my head. Ohhhh hahaha,Positive,Positive
441,,,ډیرې خې ویډیوې جوړه وې خوداسازدې یاخوند ورسره کی ساروکای,"Very good videos were made, self-educated or khund ki sarokai.",Positive,Positive
442,,,مسعدګل حاجی ډیره جالیبه وه,Masad Gul Haji was very interesting.,Positive,Positive
443,,,ټوله لیونی یی دا یوه ټوکه وه تاسی وایی چی دافغان سپکاوی کوی وړاندی تاسو خپل سپکاوی کوی چی داکار پنجشیریان کوی نودادیو افغان سپکاوی نده,"You are all crazy, this was a joke. You say that you are insulting Afghans. You are insulting yourself. The Panjshiris are doing this is not insulting.",Negative,Negative
444,,,کندهاری دی خوری ګوره ځان ساته,"Kandahari will eat you , so take care of yourself",Negative,Negative
445,,,يوه قوم پسی خانده نه دا پکار ټول يوه افغانستان يو  ,"Don't laugh at one nation, we are all one Afghanistan 🇦🇫",Negative,Negative
446,,,والکه موږ ته يي مخامخ روژه په ختميدو ده,We are going to end the fasting in front of us.,Positive,Positive
447,,,واه زما زرگیه دیره. خایسته ویدیو دی جوره کری وه,"Wow, my heart is very much. You made a nice video.",Positive,Positive
448,,,ستر خر یې نو څه یې کوی,"You are a big donkey, what are you doing?",Negative,Negative
449,,,ماشاءاللہ ڈیر خایستہ وڈیو دہ گران,"MashaAllah, very nice video.",Positive,Positive
450,,,خايسته,beautiful,Positive,Positive
451,https://www.facebook.com/107862043959203/posts/462095115202559/,محمدنبي د پاکستان سوپرليګ کې د لوبېدلو په موخه کراچۍ ته روان شوی دی. #RTASport,بايد کرکټ د سیاست نه لري وي۔ دا دہ مینے لوبہ دہ۔,Cricket should have no politics۔ It is game of love,Positive,Positive
452,,Mohammad Nabi has left for Karachi to play in the Pakistan Super League. #RTASport,. پنجابي تيل يې و هلى لاس يې نه ټينګوي لاس   ربه خير مو کړي پشتو ته خان لاهور ليدلى دى ملا جان,". Punjabi oil is not working, he is not holding his hand, goodbye to Pashto, Khan has seen Lahore, Mullah Jan",Negative,Negative
453,,,مہ ڈیر افسوس کڑی چہ دہ آفعان پلیر یوزل پی ایس ایل ولوبہ وی۔نن زما ارمون پورا شو  ڈیر خوخہ یم۔۔ دہ زڑہ تلا  مخمد نبی تہ سلام ویم,I am very sorry that this player is using PSL Vuluba V. Today I am looking forward to the full show. Best wishes from the core of my heart,Positive,Positive
454,,,نور باید له کرکت سه سیاست جور نه کرو او له مینه نفرت زکه یوازینی خوشحالی دافغانانو کریکت ده,We should no longer base our politics on cricket and the only happiness in hating love is Afghan cricket,Positive,Positive
455,,,ډير ښا خبر دى ډير ښا يې کړى دى چي پاکستان ته د لوبې کولو لپاره تللى دى مننه ورنه کوم خداى د يې بريالى لرى,"Very good news
He has done very well to  gone  Pakistan to play. Thank God he has won",Positive,Positive
456,,,شاهد افريدي او نور لوبغاړي ولي افغانستان ته نه راځي چې دا بي ننګه بي غيرته ورخطا شوي کرکټ بورډ او اصلي افغانانو لپاره د شرم ځای ده !!  که هر لوبغاړی لاړ شي هغه بيا د افغانستان ټيم ته وفادار نشي پاتې کېدای 💯,"Why don't Shahid Afridi and other players come to Afghanistan because it is a shame for the shameless cricket board and the real Afghans !! ""If any player leaves, he will not be able to remain loyal to the Afghan team.""",Negative,Negative
457,,,غلط کار یې کړی ....دا هم د وطن سره یو قِسم خیانت ده چي دښمن ته پیسې ګټې.,He has done wrong .... It is also a kind of betrayal of the homeland to gain money for the enemy.,Negative,Negative
458,,,د PSL ليګ به دا ځل زيات رنګين وي ځکه چى زموږ ستوري پکى هوم دى,The PSL will be more colorful this time around because our stars are at home,Positive,Positive
459,,,الله دی تل سرلوړی اوبریالی لری ښه خبره ده,"May Allah Almighty keep you high
    That's a good thing",Positive,Positive
460,,,ډير ډير بدي کړي دي د پاکستان په ليګ کې چي هر افغان لوبه وکړي د ده نه به لوي خاين بل نه وي له دي وروسته زه به د نبي عیسی خیل طرفدار نه يم,He has done a lot of bad things in the Pakistan League. Every Afghan who plays will be the biggest traitor. I will no longer be a supporter of Nabi Issa Khel.,Negative,Negative
461,,,پنجابیان زموژ د کرکت بورد سره انتحاری کوی چی کرکت لپاره خارجیان افغانستان ته رانشی بیا د وی پنجاب لپاره کرکت کوی او تروریست هیواد ته یو پاک هیواد په شکل  عزت ورکوی همدا پیسی به خلکو ورته چنده جمع کری وه خو دابیغرته کار به یی نه کاو,"Punjabis are committing with our cricket board so that foreigners do not come to Afghanistan for cricket, then they play cricket for Punjab and honor the terrorist country as a clean country.The same amount of money would have been collected by the people, but it would not have worked",Negative,Negative
462,,,وہ د نفرتونو ڈک قومہ اول دا سوچ اوکے چی افغانستان کرکٹ زدہ کڑی کم زے دی ٹولو افغانانو تہ حو کرکٹ ہم پاکستان ہودلی دے راشد او ستاسو ڈیرو لوبغاڑو پشاور او پنڈے کی کرکٹ کڑے دے," hateful nation. First of all, do you think that who had trainded the cricketer of  Afghanistan? All Afghans, let's play cricket in Pakistan, Rashid and other players in Peshawar and Pindy cricket ground.",Positive,Positive
463,,,"ډېر ښه کار یې وکړ،  موږ پاکستان سره د سپورټ په بخش کې هیڅ مشکل نه لرو که څه هم نورې اړیکې مو ور سره ښې نه دي ، سپورټ د ښاغلو او د مینې لوبه ده ، ان شاءالله دا ځل به د PSL ډېر رنګین وي ځکه چې د شل اوریزو لوبو بادشاهان پکې لوبیږي ،  رشید ، نبي ، مجیب او قیس احمد . ټولو اتلانو ته ښه بخت غواړم . ❤🇦🇫❤","Well done, we have no problem with Pakistan in the field of sports even though our other relations are not good with them, sport is a game of gentlemen and love, inshallah this time PSL will be more colorful because Rashid, Nabi, Mujeeb and Qais Ahmad are the kings of the Twenty20 Games. Good luck to all the heroes. ❤🇦🇫❤",Positive,Positive
464,,,ښه کار يې وکړ د برياليتوب په هېله یې⁦❤️⁩ له نفاق څخه هېڅ هم نه جوړيږي. ممکن د همدې اتلانو ورتګ دې لوبو ته د دواړو هېوادونو ترمنځ د ښو اړيکو پيلامه شي,"He did a good job, hoping for success. Nothing is made of hypocrisy. The arrival of these heroes may be the beginning of good relations between the two countries",Positive,Positive
465,,,نبی جان ته بریا او ګل خانان دی سوزی 😜 ګل خان تبا دوووو 😜 یو نصیحت می ومنه ګوره ګل خانانو سره صلفی وانخلی کنه ګنا لری 😜😜😜 دال سره ام ګوزاره وکړه دیر ونه خوری 😜🤪,"Success to Nabi Jan and Gul Khan feel jelousy خان Gul Khan Taba Dovu 😜 I accept a piece of advice, look, don't take salafi with Gul Khan, it is a sin ز Do not eat too much  Dal",Negative,Positive
466,,,دہ زل بہ دہ  پی ایس ایل خہ مزہ وی,this time PSL will be more colorful,Positive,Positive
467,,,ډیر بد یې کړی بلکی غول یې خوړلي چی دپیسو په خاطر خپل افغانی غرور ترپښو لاندی کوی دښمن ته باید همیشه ددښمن په سترګه وګتل شې که هغه په سیاست کی وی که په لوبو کي اویاهم که په مخامخ جګړه کی,"do it very bad, The enemy must always be regarded as the enemy, whether he is in politics, in sports, or in a face-to-face battle, for he has trampled on his Afghan pride for money.",Negative,Negative
468,,,مونږ افغانان په کراچى کى ورته ښه رغلاست ورته وايو ټولو لوبغاړو ته هرکلى کوه,We Afghans in Karachi welcome him and welcome all the players,Positive,Positive
469,,,ښه سفر ورته غوړی نبي جاننننننننننن,Have a good trip,Positive,Positive
470,,,بد یې کړئ پاکستان د افغان غټ اوښکاره دښمن دې دو د پاکستان په کټه لوبیږئ,"To make matters worse, Pakistan is the biggest and most obvious enemy of Afghanistan",Negative,Negative
471,,,پہ سرو سترگو رازئے تاسو زمنگ روڑنڑا یے مرحبا❤,"Welcom, You are our brothers",Positive,Positive
472,,,پخیر دی راشی موزہ ھم ورتہ انتیظار کوہ او سومرہ دی خوشھالی خبرہ دی ٹولو افغانون تہ چی نن داسی وخت راغی ملی زمریان دی پاکستان کی لوبی زی دیر دی خوشھالی خبرہ دہ زکہ داسی,"Welocom, we are waiting, this is very good news to all Afghan that oure heros go ro Pakistan for playing, this is very good",Positive,Positive
473,,,ڈیر خہ کار یی کڑی چی پاکستان تہ راغلی,He has done very well to com pakistan,Positive,Positive
474,,,پخیر راغلے یو جھان مننہ اول ٹولو مسلمانوں تہ او بیا ٹولو پختونوں تا خوشحال وسی,"Welcome to the world, first to all Muslims and then to all Pakhtuns.
Be happy",Positive,Positive
475,,,پخىرراشى خوش آمدىد هرکله راشى هلان مرحبآ,Welcome. Welcome anytime,Positive,Positive
476,,,زمونږ ټول افغانان دا يو بل چه وژنو دا هم دپيسو په خاطر نور بس دى دا راځى چه يو شو او خپل هيواد سمسوره کړو نور ولى مونږ نه پو هيږو دومره هو پو هيږو چه سم لاره کمه دا اوعلته,"All our Afghans are killing each other. It is enough for money. Let's unite and make our country green. Why don't we know? Yes, we know. Yes, we know.",Positive,Positive
477,,,پخېر دې لاړشې دا خائن,Goodbye traiter,Negative,Negative
478,,,خپل ملی ټیم ته خوی کمه توره ونکړه ,they don't give any benefits to its national team,Negative,Negative
479,,,زہ خو ویم چی دا کالی پہ کی ھم دہ نور کلہ پشان دا دہ ماجر زامن وانخلی سخت می بدی شی,"I said, this time too the refugee shoun't be select in any team, I dislike very much",Negative,Negative
480,,,پاکستان تہ پخیر راغلی💗 زار شم پختونوں ❤️ہر کلہ راشئی,"Welcom to Pakistan, I like you Pahkhtun, welcomes evey time",Positive,Positive
481,,,ڈیرزبردست کاریی کڑی دی دکرکٹ سہ جنگ مہ جوڑہ وی یارہ نوم بہ پردونیاولاڑسی دخوکیل دی دونایوزای بل زایی لہ زی,"they has done very well, don't consider it with quarel ",Positive,Positive
482,,,تاسی مور دی خاینانو غیم,"fuck your Mothers , traiters",Negative,Negative
483,,,رورہ پہ کرکٹ کے بغض او کينہ ساتل پکار نہ دی کرکٹ دہ مينے لوبہ دہ,"Brother, there should be not hatered and resentement in cricket, this is for love",Positive,Positive
484,,,د نبی لالا د بریا په هیله,may you success,Positive,Positive
485,,,خپل گران میلمہ تہ ہر کلے وایو خہ پہ درناوے,welcom to respected guest ,Positive,Positive
486,,,فکر کوم افغانان ډير بي غيرته شو دوشمان ته يي اخير سر ټيټ کړ هغه که سياسون دي او که لوبغاړي چاچي سر ورته نه ټيټه و هغه ککري خاوري شوله ډکټر صيب نجيب الله قهرمان هي وطنه څه بي ننګو خلکو ته پاتي شوي,"I wonder what Afghans have become so disrespectful. They have finally bowed their heads to the enemy. If they are politicians and if the players have not bowed their heads to their aunts, they have been reduced to dust. Dr. Saib Najibullah Qahraman",Negative,Negative
487,,,وينسی دی دچانه اجازه اخيستي ده زه یې خبر کړی نيم او دا روان دی دا منډي دجرابی په شان خوله دي وينم,"catch him, whose allowed this, fuck your mouth",Negative,Negative
488,,,زما اصل خو افغان دے خو يم پاکستانی خيبر دہ تلو راتلو لار دہ پہ کابل او پہ پشاور کر افغان يو دے,"My real identity is Afghan, but Pakistani is the way to Khyber, in Kabul and Peshawar is Afghan",Positive,Positive
489,,,د پاکستان په سوپر لیګ کې څو افغان لوبغاړي ګډون کوي؟,How many Afghan players are participating in Pakistan Super League?,Positive,Positive
490,,,خدای ج مې دي په لالا پسي خیر پیښ کړي,May God bless Lala,Positive,Positive
491,,,بالکل یې ښه کار کړی باید استقبال یې وشي...,Absolutely well done should be welcomed ...,Positive,Positive
492,,,بايد کرکټ د سیاست نه لري وي,Cricket should have no politics,Positive,Positive
493,,,دیرو خلکو ویلی چی افریدی یا نور لوبغاری ولی نه رازی وروره په هیواد کی سه حال ده او بیا پاکستان کی خو سوله شته هلته اکسره لوبغاری نه رازی که بیا رازی نو دافریقا لوبغاری  خو تول ۱۹ کلن لوبغاری راولیگل,"Many people have asked why Afridi or any other player does not agree. Brother, there is no peace in the Afghanistan and then there is littel peace in Pakistan. Stil they don’t send player, ther send under ninteen plyers .",Positive,Positive
494,,,کراچی راتلو تہ درلہ پخیر راغلے ✌️ وایوں 💙🏟️🇵🇰 ویلکم محمد نبی,Welcome to Karachi,Positive,Positive
495,,,"پخیر لاڔشے، ښه وځلیږے بریالی راشے زموږ اتله❤.","Good bye, May you seccess , May you returned successfully ",Positive,Positive
496,,,دنبي جان دښه ځليدو په هيله,Best wishes to Nabi Jaan,Positive,Positive
497,,,ډيربې عقل دي دابعضې داخويوسپورت دى هغه مرتدې اولعنتي څېرې چه خاوره يې خرڅه کړه اوملت يې دربدرکړو هغه ته ولې څه نه وايى ډيرمنافق انسانان يى شرم نه لرى فاجرو .,There is a lot of foolish in this. The apostates and cursed faces who sold the land and destroyed the nation are not allowed to do anything. Why don't they say something to him? Most hypocrites are not ashamed of it.,Negative,Negative
498,,,دروغ زه ایرپوټ کی یم  لا تراوسه ندی راروان شوی  سبا رازی,"Lie, I'm at the airport. they haven't arrived yet",Positive,Positive
499,,,ورتا تادی قران ووهی که به سمه لوبه کوی   تشقور,"Swear, You will not play well",Negative,Negative
500,,,ښه بخت او بريالۍ لوبي,"good luck, may you successs",Positive,Positive
501,,,گوری چی سوک مو مر نکری په پکستانیانو اعتبار نشته دوی هر سه کولی شی.,"take care of yourself, don't trust on Pakistani, they do anything",Negative,Negative
502,,,الله مو خه وځلوه,may you success,Positive,Positive
503,,,شه سفر محمدنبي جانه ته اتل دي,Good trip to Muhamman Nabii,Positive,Positive
504,,,را زا وراره ھر کله را شی,Welcom ever ytime ,Positive,Positive
505,,,ښه چانس ورته غواړم,best wishes,Positive,Positive
506,,,خدای دې طیاره یا موټر برې چپه کړي چې له دغه خاین څخه خو خلاص شو,"God destroy you in car or airplan, ",Negative,Negative
507,,,غوال خوري بدغمله مرتات لغنتي خرکوسه مرداګوا دپنجابي ګاټوته لپاره بايد افغانان لوبي وانه کړي کنه خلک به يي وارټي,"Nonsense, curse on you, You have gone for benificial for Punjabies, and you are not playing form Afghan",Negative,Negative
508,,,پخیر ورسیږی زما اتله,Good luck my hero,Positive,Positive
509,,,یوبل سرہ مینہ کوی دی نپرت داخبرو نہ ہیسم نہ جوڑیگی پاکستان نم زانداباد او افغانستان نم زنداباد,"Love with each other, No needs to hates, Pakistan Zindabad and Afghanistan zindabad",Positive,Positive
510,,,ډېر ښه الله ﷻ دې زمونږ ټول اتلان ښه وځلوي,May Allah make all our heroes shine,Positive,Positive
511,,,الله ج اباده اوسوكاله لري  تول لوبغالي,God bless you all of players,Positive,Positive
512,,,سلام عليكم ورحمة الله وبركاته,Assalam o Alaikum ,Positive,Positive
513,,,سم کار يې وکړ د افغانانو په لوبيدو سره به دpsl ليګ نور هم خوندور شي,He did the right thing. Playing Afghans will make the PSL league even more enjoyable,Positive,Positive
514,,,الله ج دي راوله اتله,May Allah return you,Positive,Positive
515,,,الله دوسا ته,May you safe ,Positive,Positive
516,,,د ښه ځلیدو په هیله یی,best wishes,Positive,Positive
517,,,پخير دى لاړ شى د ښه ځليدو په هيله,Good bye and best wishes,Positive,Positive
518,,,بیا هم تکړه ده طورخم نه منی 😁,"Still smart,
still  they does not accept Torkham",Negative,Negative
519,,,په مخه مو خه خه سفر در ته غواړو,Good bye and have a good trip,Positive,Positive
520,,,تل یی بریالی غواڑو,May you success forever,Positive,Positive
521,,,"غول خوری ، بد یے کڑی",Welcom,Negative,Negative
522,,,اللہ دی زموز وطن پاکستان تھ فھ خیر راورسوا,"Welcom to Pakistan, ",Positive,Positive
523,,,دیر علی په زره پوری زبردست,"very good, close to heart",Positive,Positive
524,,,محمد نبی ھر کلی درتہ وایم چی د PSL دپارہ پاکستان تہ راغلے۔۔۔ ژوندے دی وی افغان,"Welocome to Pakistan that you have come here, Muhammad Nabi",Positive,Positive
525,,,ژمونگہ لارہ ہرچاتہ خلاسہ دہ ورورہ شہ راغلاست درتہ وایم محمد نبی,"We welcom to everyone, welcom to Nabi",Positive,Positive
526,,,گرانہ پو حیر راشے   مونگ سترگے پو لار یو درتہ,"Dear welocme to You, we are waiting ",Positive,Positive
527,,,نبي جان لالا  ته  شه سفر غوا ڑم  تل دي زوندي أو قامياب وي,"Good trip to Muhamman Nabi, May you success and long live",Positive,Positive
528,,,د مرګ وږی دی.... که خدای پې .......😡,May you died,Negative,Negative
529,,,ماشاءاللہ ڈیر پہ زڑہ پورے عکس۔۔۔,"Masha Allah, very good picture",Positive,Positive
530,,,هړ کلی دړته وایو   نبی ګل,We welcom to Nabi Gul,Positive,Positive
531,,,دی کله هم تور نه ده کړی هر وخت یی غول کړیی زه تیر نوره هس تمه هم نه لرم,"They unsuccess every time, every time he fialed .",Negative,Negative
532,,,شہ۔سفرہ۔ویل ڈن,"Good trip, well done ",Positive,Positive
533,,,نو دزمبابوے سرہ بہ سوک لوبیگی,who will play with Zimbabwy,Positive,Positive
534,,,مونگ درتہ ھرکلے  وایو دا خیرا رواسے گرانا,"we welcom to you, ",Positive,Positive
535,,,مونگہ ورتہ سلام کوو دا افغانی لوبغڑو تہ,We Salam to Afghn's players,Positive,Positive
536,,,ار کله راشى شه راغلاست درته وايو,Welcom every time,Positive,Positive
537,,,الله ج دی پخیرسره ورسوی اوسره دبریاوودی راستون شی خپل هیواد ته گران افغانستات ته,"Good bye , May you returned succeesively to Afghanistan",Positive,Positive
538,,,نوداخفلی بازی به سوک کوی ده زمبابی سره,who will play with Zimbabwy,Positive,Positive
539,,,مخ ته ګلونه,Good Luck,Positive,Positive
540,,,د وطن په مینه مست يم ليونی يم ‏که په دار شم که سنګسار شم پروا نشته,"I am mad with love for my homeland, I don't care if I am hanged or stoned",Positive,Positive
541,,,"زمانگ دی زڑہ سر نبی جان موسٹ ویلکم،💓💓💓💓💓💓💓","My hear Nabi John, Most Welcome",Positive,Positive
542,,,څو ورځې بعد شروع کیږی؟,when will start?,Positive,Positive
543,,,اللہ دی پہ خیر راولی دلتہ ڈیر فوختانہ  دہ افغان لوبغاڑو پہ تمہ دی زہ دہ قیص احمد کوئٹہ گلیڈیٹورز,"May you come here, Here are many Afghans to wait for Afghani players",Positive,Positive
544,,,الله ج بريالى لرى او خپل وطن ته يۍ پو خوشحال راولى خوږ سړى دى نبى جان,"May Allah bless him and bring happiness to his homeland. He is a sweet man, Nabi Jan.",Positive,Positive
545,,,خہ راغلاست ورتہ وایو❤❤💚💚,Welcome back,Positive,Positive
546,,,کراچی تہ پہ راتگ ہر کلے ۔ ہر کلہ راشئ 🌺💐,Welcome to Karachi,Positive,Positive
547,,,ده نبي جان ورتګ پاکستان  دا هم يو سياست ,The arrival of Nabi Jan in Pakistan is also a politics,Negative,Negative
548,,,خکلی خبر دا سپورټ سیاست سره جوړخت نه لاریی,"The news,
Sport is not compatible with politics",Positive,Positive
549,,,د پیسو مقابل کی خدای مو خوار کړه ,God humiliated you in exchange for money,Negative,Negative
550,,,هيله کووم چې خپل اتل تشويق کړي نه چې منفي خبري  هر يو اتل زمونږ اتل دي,Hope you encourage your hero not negative talk every hero is our hero,Positive,Positive
551,,,غولی خوړل سی رالو پاکستان ته,"Nonsense , to come here to Pakistan",Negative,Negative
552,,,ورته ده بر یاوو په هیله,May you success,Positive,Positive
553,,,پخیر راغلے ہر کلے درتہ وایو ❤️,Welcom,Positive,Positive
554,,,ښه سفر لالا ته د ځلیدو په هیله یی,"have a Good trip, may you success",Positive,Positive
555,,,شہ راغلاست ورتہ وایو,Welcome,Positive,Positive
556,,,نو زمنګ میچونه څه شول چی دوی ټول پاکیستان ته ولاړ,What about our cricket matches if they went to Pakistan?,Negative,Negative
557,,,مزی کوی افغانستان هسنم نه جوړیږی,"have fun, Afghanistan is not being built anyway ",Negative,Negative
558,,,ماشا الله دا دافغا نستان دخلگو لپاره ویار دی,"Masha Allah, this is benificial for Afghan people",Positive,Positive
559,,,دنبي جان دښه ځليدو په هيله❤,"May you success, Nabi Jaan",Positive,Positive
560,,,ده افغانیت والي مات شو پنجاب ډير خوند ورکوي,Why did the Pushtunism  destroye? They enjoye Punjab ,Negative,Negative
561,,,دوۍ په ورلډ کپ کى معلوم شوى دى د وطن په خير نه دى,They are known in the World Cup is not good for the country,Negative,Negative
562,,,دال ډیر ونه خوری چی خراب دی نه کی راته,"Don't eat too much lentils, which is bad",Negative,Negative
563,,,ښه راغلاست درته واېو ♥️✌️♥️,welcome,Positive,Positive
564,,,"پام مو وی چی دلته هم کوم چل نوی ،هوشیار واوسی","Be careful what you do here, VP",Negative,Negative
565,,,"اللہ دے کامیاب لرا ، خوشحالا ووسے",May Allah grant you success and prosperity,Positive,Positive
566,,,راسه راسه په خیر راسه  سی یو څو ګفی وکو سی په وطن کی څال حوال و,"Welcom welcom , we will chat about our homeland",Positive,Positive
567,,,ډیر بد یې کړي دي باید نه وای لوبیدلی,Too bad he shouldn't have played,Negative,Negative
568,,,اتل دې د اتلانو سره يو ځاى تل بريالى وي ❤️,Heroes should always be successful together with heroes.,Positive,Positive
569,,,اجار نبی جانه تل می زړه کی یی له تانه دی ټوله نړی لوګی شی الله دی تل ژوندی لره زموږ خوو زړه کی یی,"The hired Nabi jan  is always in my heart, the whole world is smoke,May Allah is always alive you in our hearts.",Positive,Positive
570,,,پا کستا ن ته مه ځی چه واسکټو نه درباندی اعوندي,"Don't go to Pakistan ,they will make suicid you",Negative,Negative
571,,,نو ولی په موتر کی نه تلو چی په کراچی کی زی. کیدای شی دالو کی طاقت ختم شوی وی.ههه,So why not drive to Karachi. Daal may have run out of power,Negative,Negative
572,,,راشید خان پہ کوم ٹیم کی دے سوک معلوم لري,any one know about Rashid Khan ? in which team he belongs to?,Positive,Positive
573,,,ھئ دوہ مخو شرمیدلو,Shame on you,Negative,Negative
574,,,دوی پېسو پسی مړ کیږی ,They die for money,Negative,Negative
575,,,ډیر شه   بیاد موز په سپورټ کې سیاست راه ګډ نه کو. ډېرو غوزو ملګرو. ,"Very good, we shouldn't mix sports with politics.",Positive,Positive
576,,,شہ راغلاست در تہ وایو پاکستان🇵🇰 تہ. خوشالہ او آباد ووسیئ.   او دا خلگ مہربانی وکڑی لوبغاڑو باندی تور ملگوئ لوبغاڑی لہ سیاست چہ لری کئ. او ذوند خوشالہ تیرہ وی. Astalavista,"Welcome to Pakistan. Happy and prosperous , don't blam on Athletes, players aren't involved in politics.
  Be happy . Astalavista",Positive,Positive
577,,,داولس په سره به ابادي ته لاړ وی  نو اوس به ولس ته عوږ هم نه نسي,You have been selected by people now would you not listen by nation,Negative,Negative
578,,,دي لوبغاړو هغه معلومات تاسو باید شیر کړی کله چي هلته ورسږي,share the arrival time of plyers in Karahci,Positive,Positive
579,,,سپی غاپی خلق تیریگی پہ لار لکہ د مار🐍 خلق بہ ڈیر ڈیر سہ وائی ... ہرکلے درتہ وائیو...,"The dogs are barking, the people is going on the way, Like a snake , People will say everything , but we welcome to you",Positive,Positive
580,,,خه کار یی کری زمونژ کرکت برد خو ورته میچونه نسی نویلی نو سه وکری,"Do it good, Our board can't conduct the matches so what didi they do?",Positive,Positive
581,,,هههه اسي دي ځي دا پیسو نه بغیر بل څه نه ویني,"Lol
It sees nothing but money",Negative,Negative
582,,,خپل درس کار بار پسی ولارشی هغوی دالر چاپه ویی تاسو شپه ورز راشد سه وکرل نبی سه وکرل هغوی که داکتر نجیب جنرال رازق باندیی ننگه کری ویی نترل,"Do you study, do you work, you pople saying that , What did Najib do, ? What did Rashid do ? If they were respectful persons then they didn't go ",Positive,Positive
583,,,د ښه ځلېدو په هیله یې,May you succed ,Positive,Positive
584,,,د بریا په هیله یی کامیابی یی غواړو,We wish him success,Positive,Positive
585,,,ښه سفر ولرى اتل ښو لوبو ځليدو په هيله,Have a good trip and wish the hero good games,Positive,Positive
586,,,ډیر ښه! خدای ج دي وکړی چي د دواړو هیوادنو ترمنځ د سیاست اړیکې هم غښتلی شې.,that's good! May the political ties between the two countries be strengthened.,Positive,Positive
587,,,تازه خبردملی کرکیٹ کفتان اضغرافغان . نن سهار دیو لوی سفر په مخه  پاکستان ته ولا ڑو ویل کیگی اضغرافغان به نن ماسپخین پر 2:30دپاکستان په سوپرلیگ لپاره خپل ٹیم کراچی کینگس په گٹه  لوبیگی  منیوال  دی خبر وی😜,"Latest News National Cricket Kaftan Azgharaf Afghan. Before the big trip to Pakistan this morning, it will be said that Azghara Afghan will play for Pakistan Super League in Karachi Super Kings at 2:30 this afternoon.",Positive,Positive
588,,,"اوغاپئ لکہ دہ سپی🐕
 رازی بہ پاکستان تہ کہ نہ رازیئ خوریئ بہ سہ💪💪","bark like dog, If you didn't come here then what will you eat?",Negative,Negative
589,,,نبی جان دي ژوندی وي هغه دي اصغر جان ورور هم شته ورسره کنه,May you long live Nabi jaan. Did asghar khan with them or not?,Positive,Positive
590,,,ډیر بد یې کړي دي باید نه وای لوبیدلی,"the do it very wrong, the shouldn't come here",Negative,Negative
591,,,اتل دې د اتلانو سره يو ځاى تل بريالى وي ❤️,Heroes should always be successful together with heroes.,Positive,Positive
592,,,پخير ورسيږي لاله,Good bye Lala,Positive,Positive
593,,,"غول یی خوړل ، که حکومت دی ،که د کرکټ بورډ دی، ټول د خره زامن دی، پاکستان موږ سره څه کوی موږ بیا ور روان کرکټ ور سره کوو، افسوس دا مخلوق لږ  غيرت، شرم هم ښه وی","They are fools, if there is a government, if there is a cricket board, they are all sons of donkeys, what is Pakistan doing to us, we are going to play cricket with them again،Alas, this creature has little pride, no shame",Negative,Negative
594,,,ھئ دوہ مخو شرمیدلو,"Sham on you, double minded",Negative,Negative
595,,,خه کار یی نہ دے کری ,they didn't do good,Negative,Negative
596,,, باید نه وای لوبیدلی,shouldn't be played,Negative,Negative
597,,,دښه ځليدو په هيله❤,May you succed,Positive,Positive
598,,,کراچی تہ پہ راتگ ہر کلے ۔ ہر کلہ راشئ 🌺💐,welcom tO karachi,Positive,Positive
599,,,سلام عليكم ورحمة الله وبركاته,Assalam o Alaikum ,Positive,Positive
600,,,پخير دى لاړ شى ,Good bye,Positive,Positive
